DEPTH_WMSF,HSGR,Helper
0.1524,0.4013,1
0.3048,1.147,1
0.4572,1.2588,1
0.6096,1.7356,1
0.762,2.5245,1
0.9144,3.5656,1
1.0668,4.0411,1
1.2192,3.6141,1
1.3716,3.4205,1
1.524,3.6088,1
1.6764,4.3246,1
1.8288,4.6629,1
1.9812,4.8238,1
2.1336,5.4753,1
2.286,5.5233,1
2.4384,5.3211,1
2.5908,4.3847,1
2.7432,4.4522,1
2.8956,4.6749,1
3.048,4.536,1
3.2004,3.2926,1
3.3528,3.0274,1
3.5052,2.5918,1
3.6576,3.2619,1
3.81,3.0303,1
3.9624,4.0111,1
4.1148,4.7127,1
4.2672,4.8902,1
4.4196,4.7409,1
4.572,4.5766,1
4.7244,4.9028,1
4.8768,5.9591,1
5.0292,6.7206,1
5.1816,7.5406,1
5.334,6.714,1
5.4864,6.7831,1
5.6388,6.7488,1
5.7912,6.6207,1
5.9436,6.0962,1
6.096,5.0918,1
6.2484,4.6166,1
6.4008,4.4078,1
6.5532,4.6944,1
6.7056,4.9483,1
6.858,5.1576,1
7.0104,5.0632,1
7.1628,5.1841,1
7.3152,5.1342,1
7.4676,5.2026,1
7.62,5.515,1
7.7724,6.4996,1
7.9248,8.4854,1
8.0772,8.5544,1
8.2296,7.8681,1
8.382,5.834,1
8.5344,5.2189,1
8.6868,5.0964,1
8.8392,5.2341,1
8.9916,5.7882,1
9.144,5.3452,1
9.2964,5.513,1
9.4488,5.2026,1
9.6012,5.5342,1
9.7536,5.0643,1
9.906,5.2749,1
10.0584,4.6337,1
10.2108,4.0804,1
10.3632,3.9226,1
10.5156,4.1808,1
10.668,4.6198,1
10.8204,3.7293,1
10.9728,3.6271,1
11.1252,4.2296,1
11.2776,5.0534,1
11.43,4.8373,1
11.5824,4.9293,1
11.7348,5.0356,1
11.8872,5.1849,1
12.0396,4.5986,1
12.192,4.0197,1
12.3444,4.0384,1
12.4968,3.6222,1
12.6492,3.3857,1
12.8016,3.4189,1
12.954,2.5872,1
13.1064,2.4631,1
13.2588,2.1276,1
13.4112,3.166,1
13.5636,3.2826,1
13.716,2.7448,1
13.8684,2.4384,1
14.0208,2.7855,1
14.1732,3.2918,1
14.3256,2.9328,1
14.478,2.5712,1
14.6304,2.4197,1
14.7828,2.7347,1
14.9352,2.4667,1
15.0876,2.9842,1
15.24,3.3349,1
15.3924,3.5007,1
15.5448,3.7018,1
15.6972,3.7682,1
15.8496,3.6146,1
16.002,3.207,1
16.1544,3.3875,1
16.3068,3.7541,1
16.4592,3.2766,1
16.6116,2.9736,1
16.764,3.3023,1
16.9164,3.1664,1
17.0688,2.9222,1
17.2212,2.6547,1
17.3736,2.5354,1
17.526,2.0614,1
17.6784,1.4418,1
17.8308,1.758,1
17.9832,2.9169,1
18.1356,3.6469,1
18.288,3.4433,1
18.4404,2.693,1
18.5928,2.1541,1
18.7452,2.5038,1
18.8976,2.6263,1
19.05,3.7266,1
19.2024,3.5965,1
19.3548,3.646,1
19.5072,2.764,1
19.6596,2.5991,1
19.812,2.4453,1
19.9644,2.9484,1
20.1168,3.6185,1
20.2692,4.6061,1
20.4216,4.7493,1
20.574,4.615,1
20.7264,3.8801,1
20.8788,3.8012,1
21.0312,3.6261,1
21.1836,4.5239,1
21.336,5.0066,1
21.4884,5.9471,1
21.6408,5.7719,1
21.7932,6.1209,1
21.9456,5.9249,1
22.098,6.0399,1
22.2504,5.3598,1
22.4028,6.4224,1
22.5552,6.4796,1
22.7076,6.9791,1
22.86,5.7538,1
23.0124,5.8947,1
23.1648,5.6816,1
23.3172,5.4177,1
23.4696,5.4159,1
23.622,4.8231,1
23.7744,5.3863,1
23.9268,5.2419,1
24.0792,5.616,1
24.2316,5.9534,1
24.384,5.7605,1
24.5364,5.3718,1
24.6888,4.5046,1
24.8412,5.2504,1
24.9936,6.6852,1
25.146,7.8009,1
25.2984,8.0459,1
25.4508,7.7724,1
25.6032,7.7845,1
25.7556,7.4558,1
25.908,7.6737,1
26.0604,7.8674,1
26.2128,8.2837,1
26.3652,6.9601,1
26.5176,6.2932,1
26.67,5.7202,1
26.8224,6.5849,1
26.9748,7.0483,1
27.1272,6.8797,1
27.2796,6.9038,1
27.432,5.6845,1
27.5844,4.2218,1
27.7368,3.2205,1
27.8892,2.6619,1
28.0416,3.4696,1
28.194,3.5092,1
28.3464,3.9856,1
28.4988,3.4012,1
28.6512,3.7366,1
28.8036,3.519,1
28.956,4.4348,1
29.1084,3.9271,1
29.2608,4.5487,1
29.4132,4.0509,1
29.5656,4.0896,1
29.718,3.8455,1
29.8704,4.3595,1
30.0228,4.8844,1
30.1752,3.8824,1
30.3276,3.4001,1
30.48,3.1478,1
30.6324,4.4601,1
30.7848,4.5248,1
30.9372,4.251,1
31.0896,4.4352,1
31.242,5.2947,1
31.3944,5.347,1
31.5468,4.635,1
31.6992,3.8698,1
31.8516,3.8637,1
32.004,4.205,1
32.1564,3.3761,1
32.3088,3.1304,1
32.4612,2.2155,1
32.6136,2.7895,1
32.766,3.1978,1
32.9184,3.2952,1
33.0708,3.1994,1
33.2232,3.0428,1
33.3756,3.5525,1
33.528,4.0684,1
33.6804,4.1741,1
33.8328,4.2909,1
33.9852,3.7753,1
34.1376,3.354,1
34.29,2.9966,1
34.4424,2.5808,1
34.5948,3.2788,1
34.7472,2.9975,1
34.8996,3.2636,1
35.052,2.7385,1
35.2044,2.8564,1
35.3568,2.6423,1
35.5092,2.9382,1
35.6616,3.7787,1
35.814,3.9835,1
35.9664,3.3158,1
36.1188,3.4212,1
36.2712,4.053,1
36.4236,5.1311,1
36.576,4.556,1
36.7284,4.2871,1
36.8808,4.21,1
37.0332,3.6912,1
37.1856,3.7014,1
37.338,3.8524,1
37.4904,4.4776,1
37.6428,4.6475,1
37.7952,4.1678,1
37.9476,4.1688,1
38.1,3.941,1
38.2524,3.9064,1
38.4048,3.7926,1
38.5572,3.3171,1
38.7096,3.3002,1
38.862,3.0455,1
39.0144,2.8888,1
39.1668,2.3059,1
39.3192,2.8058,1
39.4716,3.0371,1
39.624,3.748,1
39.7764,3.4574,1
39.9288,4.4324,1
40.0812,3.5922,1
40.2336,3.6347,1
40.386,2.532,1
40.5384,3.4927,1
40.6908,3.5438,1
40.8432,4.2359,1
40.9956,3.7767,1
41.148,3.2037,1
41.3004,2.6259,1
41.4528,3.1656,1
41.6052,4.0883,1
41.7576,4.9192,1
41.91,4.484,1
42.0624,4.6033,1
42.2148,3.9823,1
42.3672,4.2343,1
42.5196,3.7289,1
42.672,3.7727,1
42.8244,4.1477,1
42.9768,4.7697,1
43.1292,6.2942,1
43.2816,8.8264,1
43.434,10.7673,1
43.5864,12.264,1
43.7388,12.1288,1
43.8912,12.3672,1
44.0436,11.9094,1
44.196,11.4872,1
44.3484,11.5658,1
44.5008,11.2047,1
44.6532,13.1089,1
44.8056,13.698,1
44.958,15.182,1
45.1104,13.2181,1
45.2628,13.2398,1
45.4152,14.1731,1
45.5676,16.1412,1
45.72,13.7987,1
45.8724,10.0821,1
46.0248,6.306,1
46.1772,7.2368,1
46.3296,6.8411,1
46.482,7.521,1
46.6344,7.1261,1
46.7868,7.7693,1
46.9392,6.4795,1
47.0916,5.2177,1
47.244,4.9089,1
47.3964,4.8241,1
47.5488,4.1288,1
47.7012,4.0236,1
47.8536,3.998,1
48.006,5.1708,1
48.1584,5.2717,1
48.3108,5.5227,1
48.4632,5.2939,1
48.6156,4.4661,1
48.768,5.3556,1
48.9204,4.203,1
49.0728,5.0396,1
49.2252,4.5346,1
49.3776,5.6877,1
49.53,4.525,1
49.6824,4.1934,1
49.8348,3.6743,1
49.9872,5.303,1
50.1396,5.7724,1
50.292,6.4533,1
50.4444,6.4463,1
50.5968,6.5002,1
50.7492,6.2382,1
50.9016,5.826,1
51.054,5.5106,1
51.2064,5.979,1
51.3588,6.0842,1
51.5112,7.0282,1
51.6636,6.1872,1
51.816,6.0338,1
51.9684,4.8321,1
52.1208,4.9484,1
52.2732,4.3658,1
52.4256,4.3114,1
52.578,4.0392,1
52.7304,4.0923,1
52.8828,4.3494,1
53.0352,5.0852,1
53.1876,4.562,1
53.34,4.3058,1
53.4924,4.3036,1
53.6448,4.2513,1
53.7972,4.6687,1
53.9496,3.7874,1
54.102,4.362,1
54.2544,3.1576,1
54.4068,3.5179,1
54.5592,4.3553,1
54.7116,5.8733,1
54.864,5.7159,1
55.0164,4.9788,1
55.1688,4.557,1
55.3212,4.4523,1
55.4736,4.0862,1
55.626,4.3539,1
55.7784,4.1426,1
55.9308,4.6164,1
56.0832,3.9352,1
56.2356,4.4069,1
56.388,3.5181,1
56.5404,4.8265,1
56.6928,4.6706,1
56.8452,5.299,1
56.9976,3.7319,1
57.15,3.419,1
57.3024,3.3227,1
57.4548,3.8425,1
57.6072,4.3126,1
57.7596,5.2454,1
57.912,5.8338,1
58.0644,5.8283,1
58.2168,4.9479,1
58.3692,4.6681,1
58.5216,4.2998,1
58.674,4.4056,1
58.8264,4.4629,1
58.9788,5.049,1
59.1312,5.3618,1
59.2836,5.6709,1
59.436,4.9861,1
59.5884,5.0837,1
59.7408,4.3549,1
59.8932,4.8261,1
60.0456,4.2503,1
60.198,4.1982,1
60.3504,5.0908,1
60.5028,5.039,1
60.6552,5.1971,1
60.8076,4.0933,1
60.96,4.1003,1
61.1124,3.9415,1
61.2648,4.1078,1
61.4172,4.0981,1
61.5696,3.9965,1
61.722,3.579,1
61.8744,4.4182,1
62.0268,4.4167,1
62.1792,4.6185,1
62.3316,4.5683,1
62.484,4.7187,1
62.6364,5.5007,1
62.7888,4.985,1
62.9412,5.4066,1
63.0936,5.3646,1
63.246,5.298,1
63.3984,5.7136,1
63.5508,5.5523,1
63.7032,7.0707,1
63.8556,6.5019,1
64.008,6.6025,1
64.1604,6.0869,1
64.3128,6.5047,1
64.4652,6.5535,1
64.6176,5.7641,1
64.77,5.5018,1
64.9224,5.1454,1
65.0748,4.8836,1
65.2272,5.6212,1
65.3796,5.4061,1
65.532,5.719,1
65.6844,5.0325,1
65.8368,6.8155,1
65.9892,6.9777,1
66.1416,6.5631,1
66.294,4.8828,1
66.4464,5.0897,1
66.5988,5.4052,1
66.7512,5.3567,1
66.9036,4.521,1
67.056,4.0953,1
67.2084,4.0036,1
67.3608,4.4209,1
67.5132,4.4351,1
67.6656,4.9426,1
67.818,4.8882,1
67.9704,5.6151,1
68.1228,5.4607,1
68.2752,6.4527,1
68.4276,7.1814,1
68.58,7.2338,1
68.7324,6.3468,1
68.8848,5.4022,1
69.0372,5.195,1
69.1896,4.7256,1
69.342,4.3092,1
69.4944,4.6261,1
69.6468,4.7822,1
69.7992,4.7268,1
69.9516,4.3532,1
70.104,4.3517,1
70.2564,4.4644,1
70.4088,4.9281,1
70.5612,4.9304,1
70.7136,4.5589,1
70.866,3.7839,1
71.0184,3.6813,1
71.1708,4.3624,1
71.3232,4.045,1
71.4756,4.7237,1
71.628,4.5161,1
71.7804,5.0424,1
71.9328,4.2039,1
72.0852,3.9938,1
72.2376,4.2538,1
72.39,4.5106,1
72.5424,4.403,1
72.6948,4.3398,1
72.8472,4.8679,1
72.9996,5.1813,1
73.152,5.3998,1
73.3044,5.395,1
73.4568,5.2899,1
73.6092,5.1838,1
73.7616,5.7105,1
73.914,6.1842,1
74.0664,6.0766,1
74.2188,6.1277,1
74.3712,5.2387,1
74.5236,5.2401,1
74.676,4.2537,1
74.8284,4.2516,1
74.9808,4.4714,1
75.1332,4.6274,1
75.2856,5.3086,1
75.438,4.9878,1
75.5904,4.1989,1
75.7428,3.6795,1
75.8952,3.9358,1
76.0476,4.5694,1
76.2,4.6132,1
76.3524,4.4641,1
76.5048,3.9883,1
76.6572,4.197,1
76.8096,4.2466,1
76.962,5.2339,1
77.1144,4.9762,1
77.2668,4.2974,1
77.4192,3.7343,1
77.5716,3.8906,1
77.724,3.7327,1
77.8764,3.8839,1
78.0288,3.7865,1
78.1812,3.9935,1
78.3336,3.8865,1
78.486,4.0958,1
78.6384,3.9924,1
78.7908,3.6729,1
78.9432,4.2445,1
79.0956,4.8731,1
79.248,4.3048,1
79.4004,3.2027,1
79.5528,2.8374,1
79.7052,3.6752,1
79.8576,4.2498,1
80.01,4.0426,1
80.1624,3.8939,1
80.3148,3.3675,1
80.4672,3.2612,1
80.6196,3.461,1
80.772,4.8237,1
80.9244,5.7121,1
81.0768,5.6135,1
81.2292,4.2076,1
81.3816,4.3634,1
81.534,3.9936,1
81.6864,4.5123,1
81.8388,3.9927,1
81.9912,4.4656,1
82.1436,4.2113,1
82.296,3.8386,1
82.4484,3.5221,1
82.6008,3.6218,1
82.7532,3.8868,1
82.9056,4.9821,1
83.058,5.2396,1
83.2104,6.6546,1
83.3628,6.1877,1
83.5152,6.1471,1
83.6676,4.7834,1
83.82,5.0425,1
83.9724,6.2919,1
84.1248,10.526,1
84.2772,15.4366,1
84.4296,20.1445,1
84.582,22.9674,1
84.7344,23.0897,1
84.8868,23.4009,1
85.0392,22.8293,1
85.1916,24.3308,1
85.344,27.2191,1
85.4964,27.2219,1
85.6488,26.454,1
85.8012,24.9307,1
85.9536,26.6586,1
86.106,28.5911,1
86.2584,28.6792,1
86.4108,28.2155,1
86.5632,27.5834,1
86.7156,26.743,1
86.868,27.5211,1
87.0204,26.3737,1
87.1728,25.6163,1
87.3252,24.021,1
87.4776,24.3922,1
87.63,25.0065,1
87.7824,24.4683,1
87.9348,24.2057,1
88.0872,23.8537,1
88.2396,23.7443,1
88.392,24.2112,1
88.5444,23.1491,1
88.6968,24.6165,1
88.8492,23.3481,1
89.0016,24.9808,1
89.154,23.5577,1
89.3064,24.7232,1
89.4588,23.4565,1
89.6112,23.0324,1
89.7636,20.8817,1
89.916,20.939,1
90.0684,21.3201,1
90.2208,22.5772,1
90.3732,23.9489,1
90.5256,23.043,1
90.678,24.7084,1
90.8304,22.9787,1
90.9828,23.5058,1
91.1352,22.7191,1
91.2876,23.1909,1
91.44,22.6125,1
91.5924,21.6241,1
91.7448,21.2368,1
91.8972,21.7591,1
92.0496,21.4491,1
92.202,21.6076,1
92.3544,21.8194,1
92.5068,21.6526,1
92.6592,22.3419,1
92.8116,23.493,1
92.964,24.9159,1
93.1164,25.2394,1
93.2688,24.5788,1
93.4212,23.8011,1
93.5736,22.0704,1
93.726,21.9092,1
93.8784,20.4253,1
94.0308,21.5179,1
94.1832,19.9949,1
94.3356,20.2513,1
94.488,19.476,1
94.6404,21.0826,1
94.7928,23.0435,1
94.9452,23.3049,1
95.0976,23.2657,1
95.25,22.3131,1
95.4024,22.7791,1
95.5548,23.1436,1
95.7072,25.1311,1
95.8596,25.9769,1
96.012,24.9262,1
96.1644,23.8574,1
96.3168,22.9666,1
96.4692,23.4895,1
96.6216,23.8315,1
96.774,24.3471,1
96.9264,23.9924,1
97.0788,22.6249,1
97.2312,22.0529,1
97.3836,23.5061,1
97.536,23.5137,1
97.6884,24.1273,1
97.8408,23.8136,1
97.9932,23.8477,1
98.1456,23.1296,1
98.298,21.7216,1
98.4504,22.5799,1
98.6028,23.4781,1
98.7552,24.4211,1
98.9076,22.9434,1
99.06,22.3842,1
99.2124,21.338,1
99.3648,22.3796,1
99.5172,21.8266,1
99.6696,22.9808,1
99.822,22.6293,1
99.9744,22.5053,1
100.1268,20.5639,1
100.2792,20.1938,1
100.4316,20.3751,1
100.584,23.3075,1
100.7364,23.3052,1
100.8888,23.1556,1
101.0412,19.6423,1
101.1936,20.9429,1
101.346,21.0309,1
101.4984,23.0382,1
101.6508,21.9959,1
101.8032,21.8918,1
101.9556,21.8539,1
102.108,22.0101,1
102.2604,22.2722,1
102.4128,22.0322,1
102.5652,21.9823,1
102.7176,21.5251,1
102.87,21.5316,1
103.0224,21.9995,1
103.1748,23.3492,1
103.3272,22.829,1
103.4796,23.6841,1
103.632,23.9375,1
103.7844,25.6127,1
103.9368,25.6483,1
104.0892,25.1886,1
104.2416,24.9659,1
104.394,25.2348,1
104.5464,25.2603,1
104.6988,25.5182,1
104.8512,23.3098,1
105.0036,22.818,1
105.156,21.5219,1
105.3084,21.4171,1
105.4608,22.0325,1
105.6132,22.9089,1
105.7656,25.7912,1
105.918,25.2352,1
106.0704,26.0333,1
106.2228,23.7288,1
106.3752,23.4523,1
106.5276,22.3659,1
106.68,21.8599,1
106.8324,23.2197,1
106.9848,21.6395,1
107.1372,22.2579,1
107.2896,21.1951,1
107.442,23.4481,1
107.5944,23.232,1
107.7468,22.3607,1
107.8992,22.5244,1
108.0516,23.5156,1
108.204,24.9156,1
108.3564,24.4251,1
108.5088,24.282,1
108.6612,24.3973,1
108.8136,23.9358,1
108.966,24.8597,1
109.1184,24.2899,1
109.2708,24.3357,1
109.4232,22.6716,1
109.5756,23.1455,1
109.728,23.1494,1
109.8804,24.4699,1
110.0328,23.838,1
110.1852,24.2199,1
110.3376,23.6282,1
110.49,24.72,1
110.6424,23.8137,1
110.7948,24.5068,1
110.9472,24.512,1
111.0996,24.5607,1
111.252,23.6692,1
111.4044,24.0515,1
111.5568,26.4028,1
111.7092,27.5062,1
111.8616,26.3426,1
112.014,24.4059,1
112.1664,24.5405,1
112.3188,25.4648,1
112.4712,27.0967,1
112.6236,26.4899,1
112.776,25.768,1
112.9284,25.3561,1
113.0808,24.6514,1
113.2332,26.164,1
113.3856,25.8446,1
113.538,26.02,1
113.6904,24.768,1
113.8428,24.6558,1
113.9952,24.7512,1
114.1476,25.0833,1
114.3,25.1968,1
114.4524,23.9546,1
114.6048,23.1545,1
114.7572,22.8846,1
114.9096,23.9711,1
115.062,25.5525,1
115.2144,26.0875,1
115.3668,25.9404,1
115.5192,26.6089,1
115.6716,25.8123,1
115.824,25.6279,1
115.9764,23.6815,1
116.1288,23.5258,1
116.2812,24.3561,1
116.4336,25.1474,1
116.586,25.51,1
116.7384,25.8551,1
116.8908,25.4337,1
117.0432,25.974,1
117.1956,25.1914,1
117.348,25.616,1
117.5004,26.1755,1
117.6528,27.7486,1
117.8052,26.8634,1
117.9576,27.0838,1
118.11,26.1921,1
118.2624,26.7026,1
118.4148,26.7823,1
118.5672,28.3443,1
118.7196,28.1932,1
118.872,27.6888,1
119.0244,24.8068,1
119.1768,25.3944,1
119.3292,23.6266,1
119.4816,24.2711,1
119.634,25.1915,1
119.7864,26.3819,1
119.9388,26.6962,1
120.0912,27.2349,1
120.2436,27.1338,1
120.396,25.9725,1
120.5484,22.9255,1
120.7008,22.9755,1
120.8532,24.2177,1
121.0056,25.1685,1
121.158,25.9505,1
121.3104,25.233,1
121.4628,24.132,1
121.6152,21.6842,1
121.7676,20.3252,1
121.92,19.8091,1
122.0724,21.6327,1
122.2248,21.9473,1
122.3772,22.0487,1
122.5296,20.1109,1
122.682,21.5791,1
122.8344,23.3613,1
122.9868,23.9984,1
123.1392,25.9406,1
123.2916,25.6164,1
123.444,25.8762,1
123.5964,24.3362,1
123.7488,22.8238,1
123.9012,23.1822,1
124.0536,22.4678,1
124.206,24.0906,1
124.3584,23.8312,1
124.5108,24.1331,1
124.6632,25.534,1
124.8156,25.5823,1
124.968,26.0103,1
125.1204,23.2425,1
125.2728,22.3476,1
125.4252,19.7739,1
125.5776,20.1565,1
125.73,21.3628,1
125.8824,22.3674,1
126.0348,23.7662,1
126.1872,24.0882,1
126.3396,25.1341,1
126.492,23.6667,1
126.6444,23.0483,1
126.7968,22.4816,1
126.9492,22.0607,1
127.1016,21.896,1
127.254,21.8337,1
127.4064,22.4167,1
127.5588,21.8346,1
127.7112,21.7184,1
127.8636,21.5074,1
128.016,22.2005,1
128.1684,22.896,1
128.3208,23.7245,1
128.4732,22.2108,1
128.6256,22.5247,1
128.778,21.7474,1
128.9304,23.0592,1
129.0828,23.9012,1
129.2352,25.2576,1
129.3876,26.178,1
129.54,24.5369,1
129.6924,24.1751,1
129.8448,23.5462,1
129.9972,23.0222,1
130.1496,21.8241,1
130.302,20.5252,1
130.4544,21.7788,1
130.6068,22.7824,1
130.7592,25.0762,1
130.9116,26.2429,1
131.064,26.9131,1
131.2164,27.1301,1
131.3688,26.4934,1
131.5212,23.1366,1
131.6736,23.0882,1
131.826,22.0527,1
131.9784,24.9816,1
132.1308,23.4669,1
132.2832,24.4123,1
132.4356,25.4729,1
132.588,28.1345,1
132.7404,28.4808,1
132.8928,27.2185,1
133.0452,25.2131,1
133.1976,25.4281,1
133.35,26.3786,1
133.5024,25.9706,1
133.6548,24.9952,1
133.8072,23.8838,1
133.9596,25.2524,1
134.112,24.9313,1
134.2644,25.0735,1
134.4168,24.9154,1
134.5692,26.5381,1
134.7216,26.5544,1
134.874,26.4695,1
135.0264,25.3557,1
135.1788,25.2991,1
135.3312,23.5668,1
135.4836,23.6171,1
135.636,25.9324,1
135.7884,27.8648,1
135.9408,28.1411,1
136.0932,26.5103,1
136.2456,26.234,1
136.398,25.8058,1
136.5504,24.7257,1
136.7028,24.7481,1
136.8552,28.0961,1
137.0076,28.6455,1
137.16,29.6169,1
137.3124,27.7422,1
137.4648,28.7502,1
137.6172,28.1237,1
137.7696,27.0679,1
137.922,27.3255,1
138.0744,28.3185,1
138.2268,29.4211,1
138.3792,28.7378,1
138.5316,28.7302,1
138.684,27.7853,1
138.8364,28.2514,1
138.9888,27.5388,1
139.1412,28.1394,1
139.2936,28.5641,1
139.446,29.4448,1
139.5984,32.3963,1
139.7508,33.6034,1
139.9032,33.6456,1
140.0556,32.7847,1
140.208,31.4466,1
140.3604,31.9182,1
140.5128,31.2284,1
140.6652,33.4775,1
140.8176,35.4949,1
140.97,36.9084,1
141.1224,36.1311,1
141.2748,33.6563,1
141.4272,31.9929,1
141.5796,29.2602,1
141.732,28.828,1
141.8844,26.9232,1
142.0368,28.31,1
142.1892,29.1056,1
142.3416,31.604,1
142.494,31.3665,1
142.6464,30.5824,1
142.7988,28.8666,1
142.9512,27.7821,1
143.1036,26.5675,1
143.256,26.3403,1
143.4084,26.2789,1
143.5608,26.443,1
143.7132,26.5675,1
143.8656,28.5314,1
144.018,30.768,1
144.1704,31.3965,1
144.3228,30.2097,1
144.4752,28.8927,1
144.6276,26.9687,1
144.78,28.5909,1
144.9324,28.0892,1
145.0848,30.2861,1
145.2372,29.6397,1
145.3896,29.9908,1
145.542,29.6362,1
145.6944,29.3881,1
145.8468,32.1751,1
145.9992,33.3103,1
146.1516,34.3872,1
146.304,33.4428,1
146.4564,33.7406,1
146.6088,32.7598,1
146.7612,29.9173,1
146.9136,28.7552,1
147.066,27.99,1
147.2184,30.1578,1
147.3708,31.2974,1
147.5232,32.3256,1
147.6756,33.6014,1
147.828,32.5417,1
147.9804,32.7546,1
148.1328,32.6661,1
148.2852,33.0621,1
148.4376,33.2802,1
148.59,32.143,1
148.7424,31.1109,1
148.8948,29.8114,1
149.0472,28.8432,1
149.1996,28.6971,1
149.352,28.501,1
149.5044,27.9525,1
149.6568,26.1162,1
149.8092,26.3259,1
149.9616,25.8201,1
150.114,27.1002,1
150.2664,24.9447,1
150.4188,23.3318,1
150.5712,23.1231,1
150.7236,23.3832,1
150.876,25.6743,1
151.0284,26.4512,1
151.1808,28.334,1
151.3332,28.264,1
151.4856,28.1801,1
151.638,27.0829,1
151.7904,28.0196,1
151.9428,26.8018,1
152.0952,28.0125,1
152.2476,27.0188,1
152.4,27.7199,1
152.5524,26.7577,1
152.7048,26.9835,1
152.8572,28.7767,1
153.0096,28.8944,1
153.162,29.9112,1
153.3144,30.431,1
153.4668,32.2538,1
153.6192,31.8658,1
153.7716,29.062,1
153.924,27.309,1
154.0764,27.4869,1
154.2288,29.9779,1
154.3812,31.7268,1
154.5336,32.2295,1
154.686,31.5041,1
154.8384,31.0539,1
154.9908,29.9517,1
155.1432,30.2163,1
155.2956,30.4092,1
155.448,33.408,1
155.6004,34.9056,1
155.7528,35.1965,1
155.9052,33.8843,1
156.0576,32.7311,1
156.21,34.723,1
156.3624,36.6071,1
156.5148,37.6554,1
156.6672,36.0901,1
156.8196,34.0391,1
156.972,33.5946,1
157.1244,33.6272,1
157.2768,34.3996,1
157.4292,33.4485,1
157.5816,34.0153,1
157.734,35.0074,1
157.8864,37.8489,1
158.0388,40.3877,1
158.1912,39.7219,1
158.3436,39.6038,1
158.496,39.9027,1
158.6484,41.4925,1
158.8008,42.3438,1
158.9532,43.5652,1
159.1056,44.1131,1
159.258,43.5771,1
159.4104,41.5338,1
159.5628,38.3802,1
159.7152,36.4708,1
159.8676,34.2346,1
160.02,33.6477,1
160.1724,32.4694,1
160.3248,33.2725,1
160.4772,34.4311,1
160.6296,35.6748,1
160.782,35.1902,1
160.9344,32.9601,1
161.0868,32.9517,1
161.2392,35.1446,1
161.3916,37.7465,1
161.544,41.0213,1
161.6964,40.4387,1
161.8488,41.2897,1
162.0012,39.6601,1
162.1536,39.7318,1
162.306,38.611,1
162.4584,37.5263,1
162.6108,37.9745,1
162.7632,39.9478,1
162.9156,41.051,1
163.068,43.2112,1
163.2204,44.6033,1
163.3728,48.017,2
163.5252,47.2601,2
163.6776,46.0219,2
163.83,42.5452,2
163.9824,42.5525,2
164.1348,41.3656,2
164.2872,41.7945,2
164.4396,42.2078,2
164.592,45.0027,2
164.7444,46.1371,2
164.8968,45.1409,2
165.0492,42.2313,2
165.2016,41.4479,2
165.354,40.7589,2
165.5064,42.9189,2
165.6588,44.5689,2
165.8112,48.3292,2
165.9636,49.0104,2
166.116,47.4736,2
166.2684,43.763,2
166.4208,41.0109,2
166.5732,38.5374,2
166.7256,35.7629,2
166.878,34.0013,2
167.0304,34.2233,2
167.1828,33.8566,2
167.3352,34.8328,2
167.4876,36.0953,2
167.64,38.8905,2
167.7924,40.9063,2
167.9448,41.9867,2
168.0972,41.415,2
168.2496,40.082,2
168.402,36.5999,2
168.5544,36.0972,2
168.7068,33.076,2
168.8592,32.9515,2
169.0116,31.2263,2
169.164,32.619,2
169.3164,33.4074,2
169.4688,35.6763,2
169.6212,36.3692,2
169.7736,36.0142,2
169.926,35.5391,2
170.0784,36.8525,2
170.2308,39.5971,2
170.3832,43.6344,2
170.5356,44.8434,2
170.688,46.3469,2
170.8404,43.6436,2
170.9928,42.6654,2
171.1452,41.1188,2
171.2976,40.6252,2
171.45,40.3789,2
171.6024,38.49,2
171.7548,36.489,2
171.9072,35.1488,2
172.0596,34.3923,2
172.212,33.552,2
172.3644,33.988,2
172.5168,38.4984,2
172.6692,42.2885,2
172.8216,41.9988,2
172.974,40.3136,2
173.1264,42.127,2
173.2788,45.6205,2
173.4312,46.7924,2
173.5836,45.9421,2
173.736,46.9972,2
173.8884,44.5625,2
174.0408,41.4337,2
174.1932,37.2899,2
174.3456,35.4695,2
174.498,34.552,2
174.6504,35.5335,2
174.8028,37.754,2
174.9552,39.8784,2
175.1076,39.9329,2
175.26,41.4431,2
175.4124,44.9594,2
175.5648,44.4967,2
175.7172,40.8743,2
175.8696,35.3955,2
176.022,34.2051,2
176.1744,37.902,2
176.3268,40.2134,2
176.4792,42.6166,2
176.6316,42.5909,2
176.784,41.6448,2
176.9364,39.8463,2
177.0888,36.2417,2
177.2412,34.9012,2
177.3936,35.1025,2
177.546,37.7451,2
177.6984,38.1318,2
177.8508,36.5558,2
178.0032,35.2827,2
178.1556,34.7602,2
178.308,36.4675,2
178.4604,35.3106,2
178.6128,34.985,2
178.7652,33.6649,2
178.9176,32.8614,2
179.07,34.496,2
179.2224,34.5696,2
179.3748,35.5064,2
179.5272,35.9354,2
179.6796,37.8476,2
179.832,40.6708,2
179.9844,41.1317,2
180.1368,41.7687,2
180.2892,42.5243,2
180.4416,43.0685,2
180.594,43.058,2
180.7464,41.6421,2
180.8988,41.6345,2
181.0512,39.3086,2
181.2036,37.0266,2
181.356,34.7747,2
181.5084,34.5319,2
181.6608,35.0442,2
181.8132,34.182,2
181.9656,35.343,2
182.118,35.3843,2
182.2704,35.8308,2
182.4228,33.9538,2
182.5752,34.5236,2
182.7276,35.0155,2
182.88,36.2257,2
183.0324,36.8129,2
183.1848,36.4916,2
183.3372,36.3522,2
183.4896,34.5713,2
183.642,35.8858,2
183.7944,37.0681,2
183.9468,39.0422,2
184.0992,36.9898,2
184.2516,36.226,2
184.404,33.7382,2
184.5564,35.1721,2
184.7088,34.8071,2
184.8612,35.9747,2
185.0136,35.2524,2
185.166,36.6245,2
185.3184,35.6607,2
185.4708,39.2615,2
185.6232,38.8108,2
185.7756,41.7282,2
185.928,38.6724,2
186.0804,38.105,2
186.2328,35.5231,2
186.3852,37.0757,2
186.5376,37.019,2
186.69,40.0091,2
186.8424,39.9569,2
186.9948,44.0342,2
187.1472,45.6163,2
187.2996,46.4084,2
187.452,45.7753,2
187.6044,46.5691,2
187.7568,46.6554,2
187.9092,42.6772,2
188.0616,39.4597,2
188.214,36.6374,2
188.3664,41.685,2
188.5188,42.893,2
188.6712,45.9679,2
188.8236,42.1785,2
188.976,42.5102,2
189.1284,41.0052,2
189.2808,41.077,2
189.4332,39.5047,2
189.5856,38.094,2
189.738,36.7113,2
189.8904,36.1708,2
190.0428,38.3007,2
190.1952,40.6404,2
190.3476,40.5345,2
190.5,38.3664,2
190.6524,37.015,2
190.8048,39.2465,2
190.9572,40.9351,2
191.1096,42.186,2
191.262,37.8247,2
191.4144,35.6757,2
191.5668,32.9321,2
191.7192,35.5924,2
191.8716,35.5592,2
192.024,34.7745,2
192.1764,34.8927,2
192.3288,36.8885,2
192.4812,39.3248,2
192.6336,37.3687,2
192.786,38.1171,2
192.9384,39.3568,2
193.0908,41.5722,2
193.2432,41.6436,2
193.3956,42.0905,2
193.548,43.4183,2
193.7004,47.8067,2
193.8528,50.3235,2
194.0052,52.6905,2
194.1576,51.9086,2
194.31,51.5456,2
194.4624,50.9305,2
194.6148,50.0476,2
194.7672,49.5195,2
194.9196,48.2825,2
195.072,46.0341,2
195.2244,43.1691,2
195.3768,40.7117,2
195.5292,39.0063,2
195.6816,42.4787,2
195.834,45.9947,2
195.9864,51.2929,2
196.1388,52.7488,2
196.2912,50.638,2
196.4436,46.7028,2
196.596,41.5063,2
196.7484,39.3316,2
196.9008,38.3863,2
197.0532,38.4742,2
197.2056,39.6689,2
197.358,42.187,2
197.5104,43.3657,2
197.6628,43.6218,2
197.8152,40.4754,2
197.9676,38.6376,2
198.12,38.4961,2
198.2724,38.2085,2
198.4248,37.8042,2
198.5772,34.7931,2
198.7296,35.6732,2
198.882,36.8055,2
199.0344,36.481,2
199.1868,35.1988,2
199.3392,35.005,2
199.4916,38.9706,2
199.644,37.9896,2
199.7964,38.0244,2
199.9488,37.2914,2
200.1012,41.8868,2
200.2536,46.6784,2
200.406,46.339,2
200.5584,46.0492,2
200.7108,44.2296,2
200.8632,48.6306,2
201.0156,47.7093,2
201.168,44.9228,2
201.3204,41.0953,2
201.4728,40.4642,2
201.6252,42.756,2
201.7776,43.9938,2
201.93,43.641,2
202.0824,42.2036,2
202.2348,40.1938,2
202.3872,39.0254,2
202.5396,38.6487,2
202.692,39.4964,2
202.8444,42.5174,2
202.9968,43.3492,2
203.1492,42.6975,2
203.3016,39.644,2
203.454,37.0085,2
203.6064,35.4519,2
203.7588,35.09,2
203.9112,36.6028,2
204.0636,40.9169,2
204.216,42.7522,2
204.3684,43.2105,2
204.5208,41.5538,2
204.6732,40.1332,2
204.8256,39.344,2
204.978,37.088,2
205.1304,36.4547,2
205.2828,36.6325,2
205.4352,37.8952,2
205.5876,38.1387,2
205.74,36.3183,2
205.8924,35.6123,2
206.0448,33.8021,2
206.1972,32.7963,2
206.3496,32.635,2
206.502,33.7671,2
206.6544,35.8964,2
206.8068,36.447,2
206.9592,38.995,2
207.1116,40.6592,2
207.264,38.4181,2
207.4164,35.2806,2
207.5688,33.1142,2
207.7212,32.6131,2
207.8736,34.0024,2
208.026,33.815,2
208.1784,35.0838,2
208.3308,34.6244,2
208.4832,36.5853,2
208.6356,37.4355,2
208.788,38.3279,2
208.9404,37.427,2
209.0928,38.5228,2
209.2452,37.2997,2
209.3976,34.7088,2
209.55,33.4188,2
209.7024,33.5984,2
209.8548,34.8709,2
210.0072,35.5928,2
210.1596,37.0941,2
210.312,35.8556,2
210.4644,35.6567,2
210.6168,36.145,2
210.7692,38.3831,2
210.9216,38.0515,2
211.074,37.8635,2
211.2264,38.6981,2
211.3788,39.2152,2
211.5312,38.8451,2
211.6836,36.7651,2
211.836,36.2436,2
211.9884,35.5533,2
212.1408,36.1069,2
212.2932,35.0327,2
212.4456,35.7212,2
212.598,36.8741,2
212.7504,37.0387,2
212.9028,35.9223,2
213.0552,34.8163,2
213.2076,35.586,2
213.36,36.8377,2
213.5124,36.9008,2
213.6648,36.7626,2
213.8172,36.9636,2
213.9696,38.6536,2
214.122,40.4069,2
214.2744,40.8135,2
214.4268,39.0588,2
214.5792,39.0466,2
214.7316,40.7636,2
214.884,45.2928,2
215.0364,48.0773,2
215.1888,50.4423,2
215.3412,53.1748,2
215.4936,52.1101,2
215.646,53.0757,2
215.7984,49.0479,2
215.9508,49.959,2
216.1032,47.1127,2
216.2556,46.3802,2
216.408,47.2105,2
216.5604,47.1386,2
216.7128,46.3937,2
216.8652,43.3688,2
217.0176,40.7122,2
217.17,39.0708,2
217.3224,38.1871,2
217.4748,37.8515,2
217.6272,38.4211,2
217.7796,37.4148,2
217.932,35.6243,2
218.0844,34.8592,2
218.2368,35.1009,2
218.3892,37.3494,2
218.5416,38.008,2
218.694,40.0341,2
218.8464,40.7261,2
218.9988,42.7659,2
219.1512,42.0839,2
219.3036,41.0876,2
219.456,38.9311,2
219.6084,34.4053,2
219.7608,32.3721,2
219.9132,31.0962,2
220.0656,31.835,2
220.218,31.8125,2
220.3704,31.1854,2
220.5228,32.3548,2
220.6752,32.3112,2
220.8276,31.6268,2
220.98,31.1635,2
221.1324,33.1247,2
221.2848,35.2999,2
221.4372,37.0295,2
221.5896,34.6885,2
221.742,34.0619,2
221.8944,34.6364,2
222.0468,36.349,2
222.1992,37.8373,2
222.3516,36.7229,2
222.504,37.2893,2
222.6564,35.6339,2
222.8088,36.9561,2
222.9612,37.1346,2
223.1136,37.0788,2
223.266,32.6994,2
223.4184,30.7389,2
223.5708,31.2395,2
223.7232,35.7397,2
223.8756,39.9619,2
224.028,40.8584,2
224.1804,39.5412,2
224.3328,37.6975,2
224.4852,37.272,2
224.6376,37.834,2
224.79,37.8334,2
224.9424,38.7657,2
225.0948,38.5169,2
225.2472,36.8543,2
225.3996,34.8979,2
225.552,34.0379,2
225.7044,35.1831,2
225.8568,39.2765,2
226.0092,38.3196,2
226.1616,36.6946,2
226.314,32.1529,2
226.4664,30.5452,2
226.6188,30.6438,2
226.7712,29.1112,2
226.9236,30.442,2
227.076,30.605,2
227.2284,31.0046,2
227.3808,33.8806,2
227.5332,34.2823,2
227.6856,36.0351,2
227.838,34.8521,2
227.9904,34.2519,2
228.1428,33.9744,2
228.2952,32.9567,2
228.4476,32.4015,2
228.6,32.5973,2
228.7524,31.6945,2
228.9048,30.9809,2
229.0572,30.3276,2
229.2096,28.7293,2
229.362,29.6975,2
229.5144,30.6262,2
229.6668,32.0328,2
229.8192,31.3005,2
229.9716,29.6691,2
230.124,30.2503,2
230.2764,29.7685,2
230.4288,28.4999,2
230.5812,28.6523,2
230.7336,28.8916,2
230.886,30.8801,2
231.0384,31.9838,2
231.1908,33.9854,2
231.3432,33.2057,2
231.4956,32.2401,2
231.648,31.0842,2
231.8004,31.0292,2
231.9528,31.6313,2
232.1052,31.5548,2
232.2576,32.5435,2
232.41,29.501,2
232.5624,29.8649,2
232.7148,29.3858,2
232.8672,32.4877,2
233.0196,33.4616,2
233.172,33.537,2
233.3244,33.853,2
233.4768,33.0509,2
233.6292,33.9603,2
233.7816,31.8892,2
233.934,32.5887,2
234.0864,34.2791,2
234.2388,35.1929,2
234.3912,35.8494,2
234.5436,35.8809,2
234.696,37.0976,2
234.8484,37.243,2
235.0008,36.1092,2
235.1532,36.3985,2
235.3056,35.8812,2
235.458,36.488,2
235.6104,36.6167,2
235.7628,36.1483,2
235.9152,34.4235,2
236.0676,32.7789,2
236.22,33.3333,2
236.3724,34.8806,2
236.5248,36.9773,2
236.6772,37.9864,2
236.8296,39.3237,2
236.982,38.4642,2
237.1344,37.785,2
237.2868,38.9437,2
237.4392,40.5325,2
237.5916,41.118,2
237.744,38.8982,2
237.8964,36.7483,2
238.0488,38.1727,2
238.2012,40.268,2
238.3536,44.6221,2
238.506,44.4377,2
238.6584,44.8702,2
238.8108,44.178,2
238.9632,44.675,2
239.1156,43.5962,2
239.268,42.2972,2
239.4204,40.1485,2
239.5728,37.9801,2
239.7252,35.8962,2
239.8776,36.6574,2
240.03,37.9652,2
240.1824,41.3064,2
240.3348,42.3153,2
240.4872,42.8292,2
240.6396,42.8418,2
240.792,41.1749,2
240.9444,40.9839,2
241.0968,42.655,2
241.2492,43.9703,2
241.4016,46.2262,2
241.554,44.2489,2
241.7064,45.7452,2
241.8588,46.7346,2
242.0112,48.4883,2
242.1636,46.9724,2
242.316,44.2999,3
242.4684,43.5144,3
242.6208,46.8869,3
242.7732,48.236,3
242.9256,48.9751,3
243.078,46.2509,3
243.2304,46.0526,3
243.3828,42.2007,3
243.5352,39.4681,3
243.6876,36.2989,3
243.84,35.1131,3
243.9924,33.2927,3
244.1448,33.4782,3
244.2972,35.6399,3
244.4496,37.3573,3
244.602,35.9033,3
244.7544,33.8115,3
244.9068,34.2272,3
245.0592,36.7788,3
245.2116,37.6394,3
245.364,39.3069,3
245.5164,40.6305,3
245.6688,43.0057,3
245.8212,44.8409,3
245.9736,44.5233,3
246.126,44.6308,3
246.2784,43.6947,3
246.4308,43.4748,3
246.5832,41.6339,3
246.7356,39.9911,3
246.888,37.2966,3
247.0404,37.1991,3
247.1928,38.0955,3
247.3452,43.1842,3
247.4976,45.7635,3
247.65,44.971,3
247.8024,43.925,3
247.9548,42.7694,3
248.1072,42.2909,3
248.2596,39.4988,3
248.412,36.0702,3
248.5644,33.8633,3
248.7168,32.9388,3
248.8692,32.8929,3
249.0216,35.8926,3
249.174,38.7789,3
249.3264,41.5911,3
249.4788,37.6076,3
249.6312,33.5616,3
249.7836,30.5709,3
249.936,31.8109,3
250.0884,36.2679,3
250.2408,39.3044,3
250.3932,40.7926,3
250.5456,37.0218,3
250.698,34.0465,3
250.8504,31.603,3
251.0028,30.09,3
251.1552,29.6928,3
251.3076,28.5526,3
251.46,28.0251,3
251.6124,27.0893,3
251.7648,29.5602,3
251.9172,29.9423,3
252.0696,30.7946,3
252.222,30.2463,3
252.3744,30.012,3
252.5268,29.5124,3
252.6792,26.6911,3
252.8316,28.1107,3
252.984,28.172,3
253.1364,29.4629,3
253.2888,29.227,3
253.4412,27.8251,3
253.5936,28.5308,3
253.746,28.4116,3
253.8984,31.6495,3
254.0508,32.6767,3
254.2032,33.8117,3
254.3556,33.2204,3
254.508,33.6246,3
254.6604,34.6312,3
254.8128,38.2095,3
254.9652,40.0271,3
255.1176,41.1712,3
255.27,38.5583,3
255.4224,38.2933,3
255.5748,37.3635,3
255.7272,37.5101,3
255.8796,35.9548,3
256.032,35.3514,3
256.1844,37.201,3
256.3368,37.3648,3
256.4892,37.3681,3
256.6416,37.1857,3
256.794,39.0346,3
256.9464,41.4135,3
257.0988,40.4648,3
257.2512,39.2818,3
257.4036,36.6545,3
257.556,34.3636,3
257.7084,35.2341,3
257.8608,33.4133,3
258.0132,32.0449,3
258.1656,29.5356,3
258.318,30.3214,3
258.4704,31.226,3
258.6228,32.2456,3
258.7752,34.2488,3
258.9276,36.8404,3
259.08,37.7842,3
259.2324,39.8154,3
259.3848,40.4913,3
259.5372,41.5032,3
259.6896,39.3842,3
259.842,38.7797,3
259.9944,39.9161,3
260.1468,38.5382,3
260.2992,37.7832,3
260.4516,34.6054,3
260.604,34.2522,3
260.7564,36.0617,3
260.9088,36.8068,3
261.0612,37.6169,3
261.2136,36.7585,3
261.366,36.1753,3
261.5184,38.4533,3
261.6708,38.5409,3
261.8232,38.8405,3
261.9756,34.9815,3
262.128,32.3598,3
262.2804,31.3241,3
262.4328,32.6963,3
262.5852,34.0343,3
262.7376,35.9029,3
262.89,36.9649,3
263.0424,37.1401,3
263.1948,35.8515,3
263.3472,33.6045,3
263.4996,31.3572,3
263.652,28.9904,3
263.8044,28.5735,3
263.9568,30.3699,3
264.1092,34.5903,3
264.2616,36.6655,3
264.414,36.813,3
264.5664,36.3348,3
264.7188,35.695,3
264.8712,35.19,3
265.0236,31.8741,3
265.176,31.5195,3
265.3284,32.7797,3
265.4808,37.4626,3
265.6332,40.4898,3
265.7856,43.2385,3
265.938,43.1878,3
266.0904,44.1264,3
266.2428,44.1422,3
266.3952,44.3547,3
266.5476,43.5717,3
266.7,40.9623,3
266.8524,40.3726,3
267.0048,40.004,3
267.1572,38.2169,3
267.3096,32.0953,3
267.462,26.9269,3
267.6144,26.1696,3
267.7668,28.3121,3
267.9192,27.8463,3
268.0716,28.756,3
268.224,29.3925,3
268.3764,31.4511,3
268.5288,30.6723,3
268.6812,30.88,3
268.8336,31.6194,3
268.986,33.8565,3
269.1384,35.5956,3
269.2908,39.6087,3
269.4432,42.1239,3
269.5956,47.4536,3
269.748,47.8103,3
269.9004,45.7803,3
270.0528,41.0969,3
270.2052,39.0667,3
270.3576,40.1299,3
270.51,40.2658,3
270.6624,43.3065,3
270.8148,45.117,3
270.9672,47.2664,3
271.1196,47.8624,3
271.272,48.6921,3
271.4244,49.4735,3
271.5768,48.2911,3
271.7292,50.0447,3
271.8816,49.2568,3
272.034,48.3528,3
272.1864,44.2584,3
272.3388,42.839,3
272.4912,42.6664,3
272.6436,43.4354,3
272.796,44.998,3
272.9484,44.9058,3
273.1008,46.2321,3
273.2532,47.6341,3
273.4056,51.4942,3
273.558,50.9884,3
273.7104,51.8552,3
273.8628,48.1284,3
274.0152,48.0269,3
274.1676,42.874,3
274.32,40.1514,3
274.4724,37.4299,3
274.6248,39.4553,3
274.7772,40.8782,3
274.9296,41.6737,3
275.082,42.4851,3
275.2344,43.3787,3
275.3868,44.7071,3
275.5392,42.2964,3
275.6916,40.7826,3
275.844,38.6936,3
275.9964,37.652,3
276.1488,35.3928,3
276.3012,35.3822,3
276.4536,37.9839,3
276.606,39.8385,3
276.7584,39.9395,3
276.9108,40.4063,3
277.0632,40.4383,3
277.2156,41.2356,3
277.368,40.73,3
277.5204,42.2268,3
277.6728,42.5712,3
277.8252,41.5006,3
277.9776,39.9896,3
278.13,39.5516,3
278.2824,41.6238,3
278.4348,43.2876,3
278.5872,46.0182,3
278.7396,47.1012,3
278.892,50.72,3
279.0444,48.8459,3
279.1968,50.6394,3
279.3492,47.9629,3
279.5016,51.2262,3
279.654,47.9218,3
279.8064,48.7993,3
279.9588,45.6491,3
280.1112,43.8951,3
280.2636,40.2775,3
280.416,38.3604,3
280.5684,38.1318,3
280.7208,38.067,3
280.8732,38.8277,3
281.0256,38.1818,3
281.178,38.1248,3
281.3304,35.3831,3
281.4828,32.9428,3
281.6352,33.5473,3
281.7876,34.7243,3
281.94,36.671,3
282.0924,34.5627,3
282.2448,33.4939,3
282.3972,31.8123,3
282.5496,32.2085,3
282.702,31.9762,3
282.8544,32.2664,3
283.0068,30.9877,3
283.1592,32.1274,3
283.3116,33.4767,3
283.464,36.3304,3
283.6164,36.5925,3
283.7688,36.2407,3
283.9212,35.3119,3
284.0736,35.8392,3
284.226,35.5443,3
284.3784,36.2857,3
284.5308,36.2321,3
284.6832,37.177,3
284.8356,37.5406,3
284.988,36.6743,3
285.1404,36.3788,3
285.2928,36.1532,3
285.4452,37.9599,3
285.5976,39.0894,3
285.75,38.4979,3
285.9024,37.524,3
286.0548,37.9433,3
286.2072,39.0583,3
286.3596,39.0838,3
286.512,37.1219,3
286.6644,36.8844,3
286.8168,36.8462,3
286.9692,37.3493,3
287.1216,37.4743,3
287.274,37.825,3
287.4264,37.8928,3
287.5788,36.26,3
287.7312,35.3981,3
287.8836,36.3824,3
288.036,38.8977,3
288.1884,40.7177,3
288.3408,41.2744,3
288.4932,41.7611,3
288.6456,42.3733,3
288.798,41.2648,3
288.9504,41.7032,3
289.1028,42.6275,3
289.2552,45.4515,3
289.4076,45.8688,3
289.56,43.924,3
289.7124,42.9079,3
289.8648,40.8963,3
290.0172,41.3791,3
290.1696,38.6499,3
290.322,37.2215,3
290.4744,36.1322,3
290.6268,35.2419,3
290.7792,36.4979,3
290.9316,35.4264,3
291.084,37.3174,3
291.2364,35.9817,3
291.3888,39.0159,3
291.5412,39.3871,3
291.6936,39.0561,3
291.846,37.5818,3
291.9984,36.7371,3
292.1508,38.6498,3
292.3032,37.7602,3
292.4556,39.8144,3
292.608,39.4738,3
292.7604,41.7135,3
292.9128,41.3075,3
293.0652,42.0457,3
293.2176,41.0128,3
293.37,42.1054,3
293.5224,41.4024,3
293.6748,39.6972,3
293.8272,36.5982,3
293.9796,35.5348,3
294.132,36.0811,3
294.2844,37.36,3
294.4368,38.3301,3
294.5892,38.44,3
294.7416,36.4935,3
294.894,35.8511,3
295.0464,35.1617,3
295.1988,36.3688,3
295.3512,35.1988,3
295.5036,35.5392,3
295.656,36.4179,3
295.8084,34.1741,3
295.9608,32.5035,3
296.1132,29.9322,3
296.2656,32.8234,3
296.418,34.2985,3
296.5704,35.7532,3
296.7228,36.471,3
296.8752,35.8362,3
297.0276,36.0875,3
297.18,36.1163,3
297.3324,38.5357,3
297.4848,38.8889,3
297.6372,39.16,3
297.7896,39.9729,3
297.942,41.0414,3
298.0944,42.0793,3
298.2468,39.0222,3
298.3992,36.9117,3
298.5516,35.2918,3
298.704,35.7758,3
298.8564,35.1615,3
299.0088,33.8029,3
299.1612,33.1696,3
299.3136,34.5698,3
299.466,35.1913,3
299.6184,34.1626,3
299.7708,32.0787,3
299.9232,29.6157,3
300.0756,30.5375,3
300.228,30.4365,3
300.3804,33.7085,3
300.5328,33.9214,3
300.6852,35.2552,3
300.8376,35.1397,3
300.99,34.8912,3
301.1424,34.0684,3
301.2948,33.4235,3
301.4472,32.6739,3
301.5996,32.2072,3
301.752,30.0494,3
301.9044,29.6733,3
302.0568,29.6369,3
302.2092,30.6353,3
302.3616,30.8867,3
302.514,30.2885,3
302.6664,30.6689,3
302.8188,33.8258,3
302.9712,36.6968,3
303.1236,38.2053,3
303.276,36.1781,3
303.4284,35.1428,3
303.5808,34.6143,3
303.7332,33.9487,3
303.8856,34.2325,3
304.038,33.7327,3
304.1904,36.2159,3
304.3428,37.5608,3
304.4952,40.0294,3
304.6476,40.8024,3
304.8,41.8673,3
304.9524,44.1243,3
305.1048,45.7361,3
305.2572,45.9289,3
305.4096,45.7281,3
305.562,48.6798,3
305.7144,55.6061,3
305.8668,60.4151,3
306.0192,59.8517,3
306.1716,56.9926,3
306.324,54.4641,3
306.4764,53.6221,3
306.6288,51.8976,3
306.7812,49.2643,3
306.9336,46.2477,3
307.086,43.7111,3
307.2384,44.7604,3
307.3908,48.1149,3
307.5432,48.0223,3
307.6956,46.0335,3
307.848,41.4365,3
308.0004,40.6305,3
308.1528,37.9829,3
308.3052,37.0713,3
308.4576,36.6848,3
308.61,36.5085,3
308.7624,35.6366,3
308.9148,32.7139,3
309.0672,30.1286,3
309.2196,28.3273,3
309.372,27.2741,3
309.5244,26.1996,3
309.6768,25.7619,3
309.8292,24.949,3
309.9816,25.1526,3
310.134,24.464,3
310.2864,24.9072,3
310.4388,24.8131,3
310.5912,24.8382,3
310.7436,25.3529,3
310.896,26.1321,3
311.0484,26.5491,3
311.2008,25.3146,3
311.3532,24.386,3
311.5056,23.1772,3
311.658,22.4158,3
311.8104,20.9376,3
311.9628,19.81,3
312.1152,21.0168,3
312.2676,23.2872,3
312.42,25.1146,3
312.5724,24.2814,3
312.7248,22.8551,3
312.8772,22.0194,3
313.0296,22.0439,3
313.182,20.8008,3
313.3344,21.1286,3
313.4868,21.642,3
313.6392,24.5485,3
313.7916,24.4218,3
313.944,23.4153,3
314.0964,22.9411,3
314.2488,24.6346,3
314.4012,25.8177,3
314.5536,24.9233,3
314.706,23.4567,3
314.8584,22.7172,3
315.0108,23.0988,3
315.1632,22.5217,3
315.3156,21.5833,3
315.468,21.2322,3
315.6204,23.5097,3
315.7728,25.7339,3
315.9252,27.1686,3
316.0776,27.4609,3
316.23,28.2012,3
316.3824,27.6207,3
316.5348,25.8057,3
316.6872,24.2438,3
316.8396,23.3228,3
316.992,24.6651,3
317.1444,25.1137,3
317.2968,24.3721,3
317.4492,23.0921,3
317.6016,21.4823,3
317.754,22.4251,3
317.9064,23.1444,3
318.0588,23.4762,3
318.2112,23.5103,3
318.3636,22.6517,3
318.516,22.2541,3
318.6684,21.2346,3
318.8208,20.5405,3
318.9732,21.0205,3
319.1256,20.2777,3
319.278,21.0631,3
319.4304,21.1033,3
319.5828,22.2565,3
319.7352,20.2765,3
319.8876,20.1379,3
320.04,19.8301,3
320.1924,19.9919,3
320.3448,19.6502,3
320.4972,19.193,3
320.6496,19.4212,3
320.802,19.2855,3
320.9544,19.1846,3
321.1068,18.6605,3
321.2592,20.085,3
321.4116,20.3495,3
321.564,21.6789,3
321.7164,20.1154,3
321.8688,20.2639,3
322.0212,19.8442,3
322.1736,20.6364,3
322.326,19.8311,3
322.4784,19.1836,3
322.6308,17.0853,3
322.7832,17.3646,3
322.9356,17.7959,3
323.088,18.3863,3
323.2404,18.8006,3
323.3928,19.4826,3
323.5452,20.6989,3
323.6976,20.6682,3
323.85,21.1124,3
324.0024,20.8962,3
324.1548,20.3131,3
324.3072,19.4538,3
324.4596,21.1226,3
324.612,23.3134,3
324.7644,23.412,3
324.9168,21.8356,3
325.0692,21.2147,3
325.2216,20.2447,3
325.374,20.1779,3
325.5264,19.929,3
325.6788,20.3756,3
325.8312,20.8105,3
325.9836,19.9015,3
326.136,20.6975,3
326.2884,19.4907,3
326.4408,20.2374,3
326.5932,21.0815,3
326.7456,23.4781,3
326.898,24.6094,3
327.0504,24.8974,3
327.2028,24.4776,3
327.3552,24.516,3
327.5076,24.7267,3
327.66,24.377,3
327.8124,25.5843,3
327.9648,24.5772,3
328.1172,24.7177,3
328.2696,22.6331,3
328.422,22.4877,3
328.5744,20.9792,3
328.7268,20.7411,3
328.8792,20.5978,3
329.0316,20.4637,3
329.184,20.6554,3
329.3364,20.5043,3
329.4888,22.7898,3
329.6412,22.0421,3
329.7936,22.669,3
329.946,21.2437,3
330.0984,21.962,3
330.2508,20.9859,3
330.4032,22.0315,3
330.5556,21.8306,3
330.708,23.8285,3
330.8604,23.4426,3
331.0128,22.4653,3
331.1652,21.8385,3
331.3176,22.4259,3
331.47,23.8705,3
331.6224,24.0023,3
331.7748,23.6969,3
331.9272,25.3198,3
332.0796,25.4763,3
332.232,25.7549,3
332.3844,25.6316,3
332.5368,24.2438,3
332.6892,23.4617,3
332.8416,21.6661,3
332.994,22.3273,3
333.1464,23.2838,3
333.2988,24.931,3
333.4512,23.3683,3
333.6036,22.8263,3
333.756,21.9402,3
333.9084,23.4394,3
334.0608,22.8738,3
334.2132,22.6131,3
334.3656,22.0134,3
334.518,20.8223,3
334.6704,20.8205,3
334.8228,20.3985,3
334.9752,21.5782,3
335.1276,21.2149,3
335.28,20.2508,3
335.4324,20.0495,3
335.5848,18.4196,3
335.7372,19.4952,3
335.8896,20.5266,3
336.042,20.8147,3
336.1944,22.6033,3
336.3468,21.5578,3
336.4992,22.557,3
336.6516,22.3234,3
336.804,23.1548,3
336.9564,23.9482,3
337.1088,23.7223,3
337.2612,23.8742,3
337.4136,22.5417,3
337.566,22.4662,3
337.7184,21.5603,3
337.8708,22.2862,3
338.0232,23.1458,3
338.1756,23.5622,3
338.328,24.3592,3
338.4804,22.532,3
338.6328,21.7591,3
338.7852,20.8743,3
338.9376,21.5344,3
339.09,22.9734,3
339.2424,22.31,3
339.3948,22.1495,3
339.5472,21.3089,3
339.6996,21.3615,3
339.852,21.2446,3
340.0044,21.2903,3
340.1568,21.8559,3
340.3092,21.5416,3
340.4616,21.5199,3
340.614,21.3277,3
340.7664,21.5529,3
340.9188,21.0347,3
341.0712,20.6926,3
341.2236,21.2422,3
341.376,21.7998,3
341.5284,23.0303,3
341.6808,21.6687,3
341.8332,21.3355,3
341.9856,19.8421,3
342.138,21.0159,3
342.2904,20.1291,3
342.4428,21.1925,3
342.5952,21.3583,3
342.7476,22.5045,3
342.9,22.7354,3
343.0524,23.0271,3
343.2048,23.0694,3
343.3572,22.4254,3
343.5096,21.9455,3
343.662,22.1491,3
343.8144,23.2777,3
343.9668,24.3059,3
344.1192,23.1384,3
344.2716,21.8621,3
344.424,20.0267,3
344.5764,21.0774,3
344.7288,20.7074,3
344.8812,20.9218,3
345.0336,20.5905,3
345.186,20.7057,3
345.3384,20.3703,3
345.4908,19.8871,3
345.6432,19.8989,3
345.7956,20.1838,3
345.948,21.06,3
346.1004,20.8752,3
346.2528,21.7416,3
346.4052,21.0416,3
346.5576,20.766,3
346.71,20.6619,3
346.8624,21.3136,3
347.0148,23.4268,3
347.1672,22.8952,3
347.3196,22.8013,3
347.472,22.5215,3
347.6244,21.9667,3
347.7768,22.035,3
347.9292,21.366,3
348.0816,22.2893,3
348.234,21.6956,3
348.3864,20.3343,3
348.5388,20.0117,3
348.6912,20.1742,3
348.8436,19.6659,3
348.996,17.9331,3
349.1484,16.9353,3
349.3008,17.8914,3
349.4532,20.094,3
349.6056,20.0611,3
349.758,20.3719,3
349.9104,19.8814,3
350.0628,20.8795,3
350.2152,21.7018,3
350.3676,23.3754,3
350.52,23.3553,3
350.6724,22.4533,3
350.8248,21.3124,3
350.9772,20.9496,3
351.1296,20.1987,3
351.282,17.9463,3
351.4344,17.3817,3
351.5868,18.1598,3
351.7392,18.5779,3
351.8916,18.554,3
352.044,19.0571,3
352.1964,21.7546,3
352.3488,22.4599,3
352.5012,21.3795,3
352.6536,19.9587,3
352.806,19.6648,3
352.9584,19.8553,3
353.1108,17.5225,3
353.2632,17.0346,3
353.4156,16.7222,3
353.568,18.0365,3
353.7204,19.2774,3
353.8728,20.2588,3
354.0252,21.4333,3
354.1776,20.0499,3
354.33,20.6831,3
354.4824,19.5453,3
354.6348,21.0878,3
354.7872,19.5264,3
354.9396,20.757,3
355.092,20.8668,3
355.2444,21.4599,3
355.3968,21.3343,3
355.5492,19.829,3
355.7016,19.4193,3
355.854,19.5239,3
356.0064,20.1917,3
356.1588,20.0149,3
356.3112,19.6491,3
356.4636,19.3156,3
356.616,19.3992,3
356.7684,18.8686,3
356.9208,19.3963,3
357.0732,19.9438,3
357.2256,20.2396,3
357.378,20.3468,3
357.5304,21.3762,3
357.6828,21.2612,3
357.8352,20.7372,3
357.9876,18.93,3
358.14,19.4278,3
358.2924,19.023,3
358.4448,19.7858,3
358.5972,19.2258,3
358.7496,18.8709,3
358.902,19.8398,3
359.0544,20.466,3
359.2068,22.0214,3
359.3592,21.187,3
359.5116,21.1741,3
359.664,21.4715,3
359.8164,22.8316,3
359.9688,22.1411,3
360.1212,21.3114,3
360.2736,20.2062,3
360.426,19.6934,3
360.5784,19.4253,3
360.7308,19.7181,3
360.8832,19.4249,3
361.0356,18.5105,3
361.188,16.8864,3
361.3404,18.074,3
361.4928,18.7756,3
361.6452,19.8654,3
361.7976,20.3722,3
361.95,21.2168,3
362.1024,20.3426,3
362.2548,19.4596,3
362.4072,17.8293,3
362.5596,17.7994,3
362.712,17.7909,3
362.8644,18.8382,3
363.0168,17.6607,3
363.1692,17.8109,3
363.3216,17.7609,3
363.474,18.2224,3
363.6264,16.6587,3
363.7788,17.3179,3
363.9312,19.4743,3
364.0836,20.9654,3
364.236,20.9032,3
364.3884,21.4705,3
364.5408,21.4916,3
364.6932,22.0303,3
364.8456,22.7507,3
364.998,23.4328,3
365.1504,23.406,3
365.3028,21.5884,3
365.4552,22.5579,3
365.6076,22.2808,3
365.76,23.4951,3
365.9124,22.3596,3
366.0648,22.8604,3
366.2172,21.9395,3
366.3696,22.9837,3
366.522,24.0659,3
366.6744,24.6646,3
366.8268,25.3252,3
366.9792,23.7408,3
367.1316,23.4367,3
367.284,22.5433,3
367.4364,22.8018,3
367.5888,23.5207,3
367.7412,22.8278,3
367.8936,23.2743,3
368.046,22.9937,3
368.1984,23.2172,3
368.3508,21.8564,3
368.5032,20.9913,3
368.6556,21.2768,3
368.808,22.0405,3
368.9604,23.1357,3
369.1128,22.4343,3
369.2652,22.0985,3
369.4176,19.9455,3
369.57,21.7131,3
369.7224,22.2189,3
369.8748,24.4776,3
370.0272,21.9223,3
370.1796,22.0009,3
370.332,21.1247,3
370.4844,22.446,3
370.6368,22.7912,3
370.7892,22.5002,3
370.9416,22.8025,3
371.094,23.1464,3
371.2464,22.5258,3
371.3988,21.5264,3
371.5512,19.6719,3
371.7036,19.9917,3
371.856,20.7153,3
372.0084,21.1307,3
372.1608,20.6387,3
372.3132,21.2788,3
372.4656,23.9873,3
372.618,26.3053,3
372.7704,27.6549,3
372.9228,25.6803,3
373.0752,25.1234,3
373.2276,23.7723,3
373.38,25.4984,3
373.5324,28.9013,3
373.6848,29.9891,3
373.8372,30.6203,3
373.9896,28.3803,3
374.142,28.6589,3
374.2944,27.8908,3
374.4468,28.7732,3
374.5992,30.0932,3
374.7516,29.1602,3
374.904,28.0525,3
375.0564,26.4846,3
375.2088,27.7598,3
375.3612,27.5068,3
375.5136,25.9353,3
375.666,23.5952,3
375.8184,23.8438,3
375.9708,24.874,3
376.1232,25.6201,3
376.2756,24.5454,3
376.428,23.0103,3
376.5804,23.7712,3
376.7328,24.1495,3
376.8852,24.5638,3
377.0376,23.1502,3
377.19,22.7354,3
377.3424,23.4574,3
377.4948,23.4215,3
377.6472,23.4913,3
377.7996,22.5136,3
377.952,22.379,3
378.1044,22.7271,3
378.2568,22.7583,3
378.4092,23.7521,3
378.5616,22.2352,3
378.714,22.524,3
378.8664,22.6433,3
379.0188,24.67,3
379.1712,23.8647,3
379.3236,22.1964,3
379.476,21.5531,3
379.6284,22.5466,3
379.7808,24.3845,3
379.9332,24.4332,3
380.0856,25.2323,3
380.238,25.4929,3
380.3904,26.127,3
380.5428,26.2008,3
380.6952,26.4966,3
380.8476,26.7043,3
381,25.4908,3
381.1524,24.6637,3
381.3048,25.7387,3
381.4572,26.701,3
381.6096,26.9258,3
381.762,25.8287,3
381.9144,26.6533,3
382.0668,28.8991,3
382.2192,29.0908,3
382.3716,28.6955,3
382.524,27.4612,3
382.6764,27.3072,3
382.8288,26.2035,3
382.9812,25.624,3
383.1336,25.9845,3
383.286,27.7593,3
383.4384,29.194,3
383.5908,29.3007,3
383.7432,28.3354,3
383.8956,28.6387,3
384.048,29.09,3
384.2004,30.0312,3
384.3528,29.4486,3
384.5052,30.2673,3
384.6576,31.4542,3
384.81,31.7449,3
384.9624,33.4862,3
385.1148,32.2862,3
385.2672,34.1501,3
385.4196,32.6507,3
385.572,35.3319,3
385.7244,34.8168,3
385.8768,34.0576,3
386.0292,32.1231,3
386.1816,30.5614,3
386.334,31.0539,3
386.4864,31.6334,3
386.6388,32.0998,3
386.7912,30.404,3
386.9436,29.3089,3
387.096,28.9801,3
387.2484,31.1753,3
387.4008,31.3198,3
387.5532,31.3342,3
387.7056,30.5862,3
387.858,30.781,3
388.0104,30.6692,3
388.1628,30.6752,3
388.3152,30.065,3
388.4676,30.7725,3
388.62,30.7055,3
388.7724,31.8737,3
388.9248,30.9756,3
389.0772,32.2738,3
389.2296,32.5933,3
389.382,34.1472,3
389.5344,35.7824,3
389.6868,37.1927,3
389.8392,40.1743,3
389.9916,40.3045,3
390.144,41.4087,3
390.2964,39.2732,3
390.4488,39.5008,3
390.6012,40.3159,3
390.7536,39.6895,3
390.906,38.9232,3
391.0584,37.9716,3
391.2108,40.2849,3
391.3632,40.4613,3
391.5156,38.6309,3
391.668,38.0932,3
391.8204,37.7162,3
391.9728,37.712,3
392.1252,36.119,3
392.2776,35.268,3
392.43,36.4683,3
392.5824,35.7503,3
392.7348,35.4227,3
392.8872,35.0493,3
393.0396,36.358,3
393.192,37.4088,3
393.3444,39.0007,3
393.4968,40.7904,3
393.6492,43.8767,3
393.8016,47.7791,3
393.954,51.3347,3
394.1064,53.9896,3
394.2588,52.4274,3
394.4112,51.9907,3
394.5636,50.5766,3
394.716,53.1512,3
394.8684,52.3733,3
395.0208,53.0768,3
395.1732,51.139,3
395.3256,50.5841,3
395.478,48.13,3
395.6304,49.1484,3
395.7828,47.2933,3
395.9352,47.4999,3
396.0876,43.6333,3
396.24,43.3349,3
396.3924,40.9597,3
396.5448,40.6398,3
396.6972,38.2178,3
396.8496,37.8809,3
397.002,36.2391,3
397.1544,38.4016,3
397.3068,37.2658,3
397.4592,37.7563,3
397.6116,36.2335,3
397.764,37.6941,3
397.9164,37.3003,3
398.0688,37.3743,3
398.2212,36.2445,3
398.3736,34.8824,3
398.526,33.5483,3
398.6784,32.7088,3
398.8308,30.7481,3
398.9832,29.7081,3
399.1356,28.2673,3
399.288,27.6127,3
399.4404,27.7566,3
399.5928,28.8069,3
399.7452,29.5992,3
399.8976,30.409,3
400.05,31.6108,3
400.2024,32.5948,3
400.3548,33.6389,3
400.5072,32.5487,3
400.6596,34.2685,3
400.812,32.6194,3
400.9644,33.4702,3
401.1168,32.6039,3
401.2692,33.0319,3
401.4216,31.2662,3
401.574,32.1391,3
401.7264,32.1954,3
401.8788,34.1635,3
402.0312,34.623,3
402.1836,34.9324,3
402.336,33.3811,3
402.4884,33.3617,3
402.6408,33.3151,3
402.7932,34.9628,3
402.9456,33.5569,3
403.098,35.0292,3
403.2504,33.9573,3
403.4028,35.7434,3
403.5552,33.5966,3
403.7076,34.4572,3
403.86,32.9946,3
404.0124,33.3944,3
404.1648,32.2443,3
404.3172,31.9979,3
404.4696,32.3272,3
404.622,31.8035,3
404.7744,31.1423,3
404.9268,29.3566,3
405.0792,29.6457,3
405.2316,28.3488,3
405.384,28.4982,3
405.5364,30.0055,3
405.6888,31.101,3
405.8412,32.37,3
405.9936,30.6288,3
406.146,30.0389,3
406.2984,29.8458,3
406.4508,30.4305,3
406.6032,30.6603,3
406.7556,29.4567,3
406.908,28.8968,3
407.0604,29.1223,3
407.2128,30.0338,3
407.3652,29.9673,3
407.5176,29.7042,3
407.67,30.2005,3
407.8224,28.015,3
407.9748,28.9078,3
408.1272,27.1534,3
408.2796,30.9384,3
408.432,28.9161,3
408.5844,28.2577,3
408.7368,24.6638,3
408.8892,25.1533,3
409.0416,26.5239,3
409.194,27.8359,3
409.3464,28.2124,3
409.4988,30.1927,3
409.6512,30.9328,3
409.8036,32.5424,3
409.956,31.4877,3
410.1084,32.0941,3
410.2608,30.9797,3
410.4132,30.4194,3
410.5656,29.4495,3
410.718,29.3553,3
410.8704,29.9529,3
411.0228,30.7588,3
411.1752,31.4784,3
411.3276,30.4202,3
411.48,30.009,3
411.6324,31.5976,3
411.7848,32.6171,3
411.9372,32.9044,3
412.0896,31.4243,3
412.242,31.6988,3
412.3944,32.8363,3
412.5468,34.4368,3
412.6992,36.0094,3
412.8516,36.2527,3
413.004,35.9966,3
413.1564,35.1315,3
413.3088,34.1417,3
413.4612,31.5482,3
413.6136,30.6993,3
413.766,30.0337,3
413.9184,31.7589,3
414.0708,31.653,3
414.2232,31.8493,3
414.3756,32.7453,3
414.528,32.0867,3
414.6804,32.2215,3
414.8328,29.6628,3
414.9852,27.1468,3
415.1376,25.5961,3
415.29,24.2035,3
415.4424,25.851,3
415.5948,25.5043,3
415.7472,26.2253,3
415.8996,25.4639,3
416.052,25.5792,3
416.2044,25.692,3
416.3568,24.8157,3
416.5092,22.9946,3
416.6616,21.1719,3
416.814,21.5876,3
416.9664,23.09,3
417.1188,23.3482,3
417.2712,24.395,3
417.4236,25.6366,3
417.576,27.7356,3
417.7284,27.1189,3
417.8808,27.4324,3
418.0332,27.2023,3
418.1856,28.9198,3
418.338,29.5439,3
418.4904,31.6786,3
418.6428,32.0667,3
418.7952,33.18,3
418.9476,32.8892,3
419.1,34.7393,3
419.2524,35.1907,3
419.4048,34.5863,3
419.5572,32.7085,3
419.7096,29.2665,3
419.862,29.4975,3
420.0144,27.343,3
420.1668,29.4488,3
420.3192,28.0507,3
420.4716,29.351,3
420.624,26.8961,3
420.7764,27.1548,3
420.9288,27.2877,3
421.0812,29.1042,3
421.2336,28.6211,3
421.386,28.5456,3
421.5384,29.3743,3
421.6908,30.4822,3
421.8432,30.3391,3
421.9956,30.3089,3
422.148,30.4696,3
422.3004,33.6059,3
422.4528,33.8818,3
422.6052,34.8351,3
422.7576,32.7773,3
422.91,32.7975,3
423.0624,31.1713,3
423.2148,30.2138,3
423.3672,29.2966,3
423.5196,28.8414,3
423.672,29.892,3
423.8244,31.1159,3
423.9768,34.9222,3
424.1292,36.3301,3
424.2816,33.5715,3
424.434,30.2926,3
424.5864,28.1481,3
424.7388,30.5311,3
424.8912,30.2223,3
425.0436,30.3313,3
425.196,29.9786,3
425.3484,31.1992,3
425.5008,31.0957,3
425.6532,31.1181,3
425.8056,31.5343,3
425.958,32.8953,3
426.1104,32.8761,3
426.2628,31.7776,3
426.4152,30.9325,3
426.5676,31.1828,3
426.72,31.3944,3
426.8724,30.5644,3
427.0248,29.9395,3
427.1772,29.5598,3
427.3296,29.8542,3
427.482,29.5255,3
427.6344,28.8528,3
427.7868,28.6377,3
427.9392,28.868,3
428.0916,29.0422,3
428.244,30.4302,3
428.3964,30.2383,3
428.5488,30.2811,3
428.7012,29.1571,3
428.8536,29.3365,3
429.006,31.2368,3
429.1584,30.9782,3
429.3108,31.1393,3
429.4632,32.144,3
429.6156,35.2155,3
429.768,35.6964,3
429.9204,35.4631,3
430.0728,33.1981,3
430.2252,34.4808,3
430.3776,31.9034,3
430.53,30.7245,3
430.6824,28.6275,3
430.8348,28.5879,3
430.9872,28.6573,3
431.1396,28.0782,3
431.292,29.3098,3
431.4444,30.3151,3
431.5968,31.3608,3
431.7492,31.133,3
431.9016,32.7578,3
432.054,33.2162,3
432.2064,32.7434,3
432.3588,30.5837,3
432.5112,30.1083,3
432.6636,31.431,3
432.816,31.9755,3
432.9684,30.1463,3
433.1208,28.4139,3
433.2732,27.0085,3
433.4256,26.3754,3
433.578,25.3288,3
433.7304,25.2426,3
433.8828,24.2085,3
434.0352,23.9077,3
434.1876,23.7593,3
434.34,25.8239,3
434.4924,25.8312,3
434.6448,25.9343,3
434.7972,25.7644,3
434.9496,25.7174,3
435.102,24.6643,3
435.2544,23.8809,3
435.4068,23.5703,3
435.5592,24.3775,3
435.7116,24.4727,3
435.864,22.9576,3
436.0164,22.6537,3
436.1688,21.4531,3
436.3212,22.7853,3
436.4736,22.6784,3
436.626,23.3263,3
436.7784,22.9457,3
436.9308,22.0166,3
437.0832,22.0796,3
437.2356,21.5967,3
437.388,21.2723,3
437.5404,20.4963,3
437.6928,21.4477,3
437.8452,21.3503,3
437.9976,20.6681,3
438.15,19.4817,3
438.3024,20.0505,3
438.4548,20.0141,3
438.6072,20.5622,3
438.7596,19.7458,3
438.912,20.9489,3
439.0644,21.255,3
439.2168,21.4632,3
439.3692,20.4701,3
439.5216,20.0648,3
439.674,21.3431,3
439.8264,21.6804,3
439.9788,22.1083,3
440.1312,21.8716,3
440.2836,22.8219,3
440.436,23.8325,3
440.5884,23.4449,3
440.7408,23.8052,3
440.8932,23.2721,3
441.0456,24.8567,3
441.198,23.5918,3
441.3504,23.0166,3
441.5028,20.7551,3
441.6552,21.9373,3
441.8076,23.6105,3
441.96,25.0202,3
442.1124,23.7277,3
442.2648,22.7248,3
442.4172,22.5293,3
442.5696,22.8744,3
442.722,22.1576,3
442.8744,22.3974,3
443.0268,22.9461,3
443.1792,24.3723,3
443.3316,24.6377,3
443.484,24.8061,3
443.6364,26.7093,3
443.7888,28.2334,3
443.9412,29.7814,3
444.0936,28.4067,3
444.246,27.8396,3
444.3984,26.0727,3
444.5508,27.2706,3
444.7032,27.2841,3
444.8556,26.729,3
445.008,25.3698,3
445.1604,25.9369,3
445.3128,27.0271,3
445.4652,26.7432,3
445.6176,27.055,3
445.77,27.6337,3
445.9224,28.1941,3
446.0748,28.392,3
446.2272,29.1518,3
446.3796,28.1308,3
446.532,27.7093,3
446.6844,26.8496,3
446.8368,28.7269,3
446.9892,30.1807,3
447.1416,31.8243,3
447.294,31.3139,3
447.4464,29.3291,3
447.5988,27.3712,3
447.7512,26.3215,3
447.9036,26.0828,3
448.056,27.1593,3
448.2084,28.0961,3
448.3608,29.4256,3
448.5132,30.1996,3
448.6656,31.5295,3
448.818,31.4553,3
448.9704,31.1844,3
449.1228,29.257,3
449.2752,28.4307,3
449.4276,27.1124,3
449.58,28.2295,3
449.7324,28.9789,3
449.8848,31.5972,3
450.0372,31.3782,3
450.1896,32.1878,3
450.342,31.3091,3
450.4944,31.5466,3
450.6468,28.7574,3
450.7992,27.8377,3
450.9516,27.3589,3
451.104,28.0358,3
451.2564,27.2565,3
451.4088,26.7433,3
451.5612,27.226,3
451.7136,27.4881,3
451.866,27.0532,3
452.0184,25.3536,3
452.1708,26.7237,3
452.3232,28.1262,3
452.4756,28.7877,3
452.628,28.9982,3
452.7804,28.6788,3
452.9328,29.1183,3
453.0852,28.7051,3
453.2376,30.354,3
453.39,32.0916,3
453.5424,32.3615,3
453.6948,31.4125,3
453.8472,31.6111,3
453.9996,32.4473,3
454.152,33.1349,3
454.3044,32.9555,3
454.4568,33.7418,3
454.6092,32.6003,3
454.7616,33.9256,3
454.914,32.571,3
455.0664,32.3165,3
455.2188,30.4082,3
455.3712,30.6213,3
455.5236,30.6266,3
455.676,32.3831,3
455.8284,34.0811,3
455.9808,35.4784,3
456.1332,36.3455,3
456.2856,36.8755,3
456.438,38.7876,3
456.5904,40.8862,3
456.7428,40.7103,3
456.8952,40.3612,3
457.0476,38.5309,3
457.2,38.4012,3
457.3524,38.4225,3
457.5048,38.0389,3
457.6572,39.1832,3
457.8096,41.0415,3
457.962,39.533,3
458.1144,38.1359,3
458.2668,35.7336,3
458.4192,35.7808,3
458.5716,34.4804,3
458.724,31.8067,3
458.8764,31.0484,3
459.0288,29.4314,3
459.1812,29.2092,3
459.3336,27.7788,3
459.486,27.9328,3
459.6384,28.8915,3
459.7908,30.5024,3
459.9432,31.8881,3
460.0956,32.4875,3
460.248,34.0566,3
460.4004,33.6388,3
460.5528,33.3653,3
460.7052,31.6563,3
460.8576,32.077,3
461.01,32.9215,3
461.1624,33.6332,3
461.3148,34.5565,3
461.4672,34.9416,3
461.6196,36.1768,3
461.772,35.9888,3
461.9244,35.4563,3
462.0768,33.4472,3
462.2292,33.6867,3
462.3816,33.3308,3
462.534,34.2495,3
462.6864,35.2823,3
462.8388,35.9074,3
462.9912,35.9037,3
463.1436,34.0172,3
463.296,32.6227,3
463.4484,31.251,3
463.6008,30.0342,3
463.7532,31.0006,3
463.9056,32.0702,3
464.058,31.8838,3
464.2104,31.205,3
464.3628,29.695,3
464.5152,29.3074,3
464.6676,28.3937,3
464.82,27.7633,3
464.9724,27.7915,3
465.1248,28.9667,3
465.2772,29.3027,3
465.4296,29.0228,3
465.582,26.7042,3
465.7344,26.967,3
465.8868,26.3146,3
466.0392,26.4533,3
466.1916,26.3157,3
466.344,26.7511,3
466.4964,28.4007,3
466.6488,26.8696,3
466.8012,25.8668,3
466.9536,22.5383,3
467.106,22.5431,3
467.2584,21.9614,3
467.4108,23.7182,3
467.5632,22.9966,3
467.7156,22.763,3
467.868,23.4473,3
468.0204,25.1011,3
468.1728,25.34,3
468.3252,24.9353,3
468.4776,24.6781,3
468.63,25.0966,3
468.7824,24.9977,3
468.9348,25.0095,3
469.0872,25.994,3
469.2396,26.5752,3
469.392,27.0544,3
469.5444,27.6112,3
469.6968,25.9102,3
469.8492,25.2434,3
470.0016,24.4697,3
470.154,24.5767,3
470.3064,23.5383,3
470.4588,22.9474,3
470.6112,24.0978,3
470.7636,25.0948,3
470.916,24.3244,3
471.0684,22.9018,3
471.2208,23.3052,3
471.3732,24.2031,3
471.5256,26.1384,3
471.678,24.6362,3
471.8304,26.1412,3
471.9828,25.6369,3
472.1352,27.8871,3
472.2876,26.5137,3
472.44,25.6549,3
472.5924,25.4025,3
472.7448,25.4736,3
472.8972,26.4272,3
473.0496,26.0033,3
473.202,26.1203,3
473.3544,26.1745,3
473.5068,26.6337,3
473.6592,27.9938,3
473.8116,27.5977,3
473.964,26.861,3
474.1164,25.9156,3
474.2688,26.5246,3
474.4212,26.4504,3
474.5736,25.7017,3
474.726,25.4026,3
474.8784,26.8285,3
475.0308,27.8239,3
475.1832,28.6957,3
475.3356,27.854,3
475.488,27.5906,3
475.6404,26.3952,3
475.7928,26.3173,3
475.9452,27.2214,3
476.0976,28.2809,3
476.25,28.0706,3
476.4024,27.0874,3
476.5548,25.3991,3
476.7072,25.4638,3
476.8596,23.9972,3
477.012,24.011,3
477.1644,22.7752,3
477.3168,23.9851,3
477.4692,23.0602,3
477.6216,23.7118,3
477.774,23.6089,3
477.9264,24.5122,3
478.0788,24.8039,3
478.2312,25.0182,3
478.3836,25.6762,3
478.536,26.2655,3
478.6884,26.0183,3
478.8408,25.1243,3
478.9932,24.7981,3
479.1456,24.9552,3
479.298,23.4111,3
479.4504,22.453,3
479.6028,21.3965,3
479.7552,23.2176,3
479.9076,23.6102,3
480.06,24.3369,3
480.2124,23.6779,3
480.3648,24.0273,3
480.5172,23.7505,3
480.6696,23.9509,3
480.822,22.4457,3
480.9744,21.7075,3
481.1268,21.6258,3
481.2792,21.2445,3
481.4316,21.0479,3
481.584,20.0797,3
481.7364,20.0717,3
481.8888,20.4036,3
482.0412,20.848,3
482.1936,21.1971,3
482.346,20.7787,3
482.4984,21.1189,3
482.6508,21.3873,3
482.8032,21.627,3
482.9556,21.6384,3
483.108,21.5502,3
483.2604,22.473,3
483.4128,22.8986,3
483.5652,23.3407,3
483.7176,21.5961,3
483.87,20.604,3
484.0224,19.5461,3
484.1748,20.6752,3
484.3272,21.127,3
484.4796,22.0031,3
484.632,23.4411,3
484.7844,23.6052,3
484.9368,22.3813,3
485.0892,20.729,3
485.2416,20.6186,3
485.394,21.5522,3
485.5464,21.2069,3
485.6988,21.0827,3
485.8512,21.9757,3
486.0036,22.3113,3
486.156,22.6585,3
486.3084,21.7524,3
486.4608,20.8896,3
486.6132,19.6039,3
486.7656,19.7409,3
486.918,21.3576,3
487.0704,22.1569,3
487.2228,21.919,3
487.3752,21.2734,3
487.5276,20.6709,3
487.68,20.9704,3
487.8324,21.1605,3
487.9848,21.3017,3
488.1372,20.0975,3
488.2896,19.546,3
488.442,20.4785,3
488.5944,22.638,3
488.7468,23.8719,3
488.8992,23.6709,3
489.0516,22.8868,3
489.204,21.9496,3
489.3564,23.7068,3
489.5088,23.7736,3
489.6612,24.6255,3
489.8136,22.5907,3
489.966,21.8978,3
490.1184,20.3193,3
490.2708,19.5666,3
490.4232,18.958,3
490.5756,19.0532,3
490.728,20.4333,3
490.8804,21.2808,3
491.0328,22.14,3
491.1852,21.8893,3
491.3376,23.6747,3
491.49,24.6639,3
491.6424,25.2378,3
491.7948,24.5532,3
491.9472,24.9682,3
492.0996,25.2142,3
492.252,25.0097,3
492.4044,23.8883,3
492.5568,22.3576,3
492.7092,23.0427,3
492.8616,23.8788,3
493.014,25.3811,3
493.1664,23.6172,3
493.3188,22.5712,3
493.4712,22.0848,3
493.6236,21.67,3
493.776,21.7543,3
493.9284,22.8732,3
494.0808,24.4656,3
494.2332,24.7736,3
494.3856,23.0269,3
494.538,23.2257,3
494.6904,23.1235,3
494.8428,24.292,3
494.9952,23.3211,3
495.1476,23.6156,3
495.3,24.0069,3
495.4524,24.6969,3
495.6048,26.2326,3
495.7572,24.9741,3
495.9096,25.2316,3
496.062,23.6158,3
496.2144,24.8601,3
496.3668,23.9074,3
496.5192,23.4842,3
496.6716,23.6788,3
496.824,24.6949,3
496.9764,26.2275,3
497.1288,25.4865,3
497.2812,24.6997,3
497.4336,22.88,3
497.586,22.6453,3
497.7384,24.0002,3
497.8908,24.026,3
498.0432,24.9018,3
498.1956,25.1496,3
498.348,25.3312,3
498.5004,24.57,3
498.6528,23.5942,3
498.8052,22.6161,3
498.9576,21.937,3
499.11,19.7038,3
499.2624,19.0075,3
499.4148,18.3478,3
499.5672,19.8083,3
499.7196,22.2009,3
499.872,22.5476,3
500.0244,21.4816,3
500.1768,21.0947,3
500.3292,22.0084,3
500.4816,22.8073,3
500.634,23.3568,3
500.7864,23.0163,3
500.9388,23.1414,3
501.0912,21.5312,3
501.2436,21.1886,3
501.396,20.7712,3
501.5484,21.0139,3
501.7008,20.0747,3
501.8532,19.347,3
502.0056,19.2933,3
502.158,20.4815,3
502.3104,21.1208,3
502.4628,23.0981,3
502.6152,23.5475,3
502.7676,24.8211,3
502.92,24.0791,3
503.0724,25.6241,3
503.2248,27.12,3
503.3772,27.2822,3
503.5296,26.8555,3
503.682,25.7177,3
503.8344,26.4076,3
503.9868,26.9302,3
504.1392,26.9687,3
504.2916,27.0985,3
504.444,26.2461,3
504.5964,26.0665,3
504.7488,24.7327,3
504.9012,25.9672,3
505.0536,27.5868,3
505.206,30.0847,3
505.3584,29.9775,3
505.5108,30.1757,3
505.6632,30.9815,3
505.8156,31.3953,3
505.968,32.3408,3
506.1204,34.602,3
506.2728,37.6165,3
506.4252,41.6366,3
506.5776,41.264,3
506.73,43.1017,3
506.8824,45.9374,3
507.0348,50.9138,3
507.1872,52.5207,3
507.3396,49.3093,3
507.492,45.9488,3
507.6444,41.6078,3
507.7968,41.094,3
507.9492,38.2597,3
508.1016,39.6141,3
508.254,37.5511,3
508.4064,38.818,3
508.5588,37.4098,3
508.7112,37.1958,3
508.8636,35.4395,3
509.016,35.3914,3
509.1684,34.6907,3
509.3208,36.1766,3
509.4732,34.6524,3
509.6256,35.8652,3
509.778,34.8018,3
509.9304,33.9748,3
510.0828,30.7363,3
510.2352,27.6901,3
510.3876,27.7997,3
510.54,28.1355,3
510.6924,28.5413,3
510.8448,26.7704,3
510.9972,27.8413,3
511.1496,29.777,3
511.302,30.9223,3
511.4544,30.6629,3
511.6068,28.7483,3
511.7592,28.2101,3
511.9116,27.9237,3
512.064,28.4487,3
512.2164,29.3068,3
512.3688,29.46,3
512.5212,28.4938,3
512.6736,28.3621,3
512.826,25.8104,3
512.9784,26.2066,3
513.1308,26.3127,3
513.2832,27.0093,3
513.4356,28.0214,3
513.588,27.9903,3
513.7404,28.3959,3
513.8928,26.5631,3
514.0452,26.4883,3
514.1976,26.1683,3
514.35,25.5687,3
514.5024,25.0932,3
514.6548,24.9983,3
514.8072,24.9505,3
514.9596,25.0762,3
515.112,26.1911,3
515.2644,28.7183,3
515.4168,28.6925,3
515.5692,29.0469,3
515.7216,26.8681,3
515.874,28.6182,3
516.0264,27.3401,3
516.1788,28.95,3
516.3312,27.7592,3
516.4836,28.3775,3
516.636,26.7985,3
516.7884,24.5415,3
516.9408,23.9384,3
517.0932,25.2907,3
517.2456,27.0493,3
517.398,27.2535,3
517.5504,27.7467,3
517.7028,28.0544,3
517.8552,29.3793,3
518.0076,30.2263,3
518.16,32.8153,3
518.3124,35.0978,3
518.4648,34.9907,3
518.6172,32.4917,3
518.7696,30.6285,3
518.922,29.8355,3
519.0744,29.2385,3
519.2268,28.2131,3
519.3792,27.7782,3
519.5316,27.6235,3
519.684,28.8317,3
519.8364,28.9258,3
519.9888,30.0299,3
520.1412,30.071,3
520.2936,29.7444,3
520.446,28.7804,3
520.5984,27.3774,3
520.7508,28.6212,3
520.9032,29.9787,3
521.0556,31.3199,3
521.208,31.0091,3
521.3604,32.3204,3
521.5128,34.6847,3
521.6652,35.0488,3
521.8176,34.0485,3
521.97,33.4075,3
522.1224,34.0554,3
522.2748,36.7038,3
522.4272,34.0887,3
522.5796,32.7057,3
522.732,28.5384,3
522.8844,28.2256,3
523.0368,27.9369,3
523.1892,29.3423,3
523.3416,30.9582,3
523.494,35.0966,3
523.6464,39.2049,3
523.7988,46.4569,3
523.9512,47.8072,3
524.1036,45.7329,3
524.256,38.9705,3
524.4084,36.7399,3
524.5608,36.1157,3
524.7132,36.2439,3
524.8656,33.6998,3
525.018,32.3701,3
525.1704,31.7222,3
525.3228,33.0424,3
525.4752,33.6668,3
525.6276,34.1842,3
525.78,32.8598,3
525.9324,32.5914,3
526.0848,31.9451,3
526.2372,31.787,3
526.3896,29.9159,3
526.542,27.5755,3
526.6944,26.3976,3
526.8468,25.9401,3
526.9992,26.2761,3
527.1516,26.1485,3
527.304,27.1024,3
527.4564,26.536,3
527.6088,27.0348,3
527.7612,27.3644,3
527.9136,28.3786,3
528.066,28.2049,3
528.2184,29.4431,3
528.3708,32.4558,3
528.5232,36.6142,3
528.6756,38.3058,3
528.828,37.3692,3
528.9804,34.654,3
529.1328,30.0502,3
529.2852,26.3305,3
529.4376,23.7211,3
529.59,21.8773,3
529.7424,21.2548,3
529.8948,19.8723,3
530.0472,20.7593,3
530.1996,23.4152,3
530.352,26.931,3
530.5044,28.6469,3
530.6568,29.607,3
530.8092,31.0791,3
530.9616,35.5464,3
531.114,36.5091,3
531.2664,37.2922,3
531.4188,36.0163,3
531.5712,36.5102,3
531.7236,35.4168,3
531.876,34.7704,3
532.0284,33.4025,3
532.1808,34.5277,3
532.3332,35.4535,3
532.4856,34.4936,3
532.638,31.2901,3
532.7904,27.6226,3
532.9428,25.279,3
533.0952,24.7264,3
533.2476,24.5167,3
533.4,24.5837,3
533.5524,22.9055,3
533.7048,22.1641,3
533.8572,21.7477,3
534.0096,22.0482,3
534.162,21.0597,3
534.3144,24.0443,3
534.4668,25.9609,3
534.6192,28.4162,3
534.7716,28.2099,3
534.924,28.7063,3
535.0764,28.8901,3
535.2288,27.8967,3
535.3812,28.2847,3
535.5336,28.5334,3
535.686,30.2448,3
535.8384,30.5424,3
535.9908,31.0712,3
536.1432,31.6706,3
536.2956,32.3342,3
536.448,33.4515,3
536.6004,31.7257,3
536.7528,31.2986,3
536.9052,31.0367,3
537.0576,31.1785,3
537.21,32.448,3
537.3624,31.7942,3
537.5148,33.155,3
537.6672,32.4957,3
537.8196,33.7956,3
537.972,34.5841,3
538.1244,35.0709,3
538.2768,34.4007,3
538.4292,33.4595,3
538.5816,32.6012,3
538.734,32.5817,3
538.8864,29.8645,3
539.0388,28.8682,3
539.1912,27.3507,3
539.3436,28.8934,3
539.496,29.2477,3
539.6484,29.2276,3
539.8008,29.2142,3
539.9532,27.5944,3
540.1056,27.514,3
540.258,26.9018,3
540.4104,28.9182,3
540.5628,30.2199,3
540.7152,32.4891,3
540.8676,30.8091,3
541.02,29.1983,3
541.1724,29.0018,3
541.3248,29.2534,3
541.4772,29.7623,3
541.6296,26.9452,3
541.782,27.9293,3
541.9344,26.246,3
542.0868,29.0981,3
542.2392,28.9641,3
542.3916,30.6203,3
542.544,29.0516,3
542.6964,30.0509,3
542.8488,29.3354,3
543.0012,28.7613,3
543.1536,26.6388,3
543.306,26.7643,3
543.4584,27.1031,3
543.6108,27.0529,3
543.7632,26.1733,3
543.9156,26.4065,3
544.068,29.411,3
544.2204,31.4477,3
544.3728,32.5969,3
544.5252,32.7618,3
544.6776,33.4419,3
544.83,35.0655,3
544.9824,33.9514,3
545.1348,33.7205,3
545.2872,29.7147,3
545.4396,28.7526,3
545.592,26.4925,3
545.7444,27.1974,3
545.8968,27.1322,3
546.0492,28.1949,3
546.2016,28.2313,3
546.354,28.8191,3
546.5064,29.2932,3
546.6588,29.533,3
546.8112,30.1062,3
546.9636,29.6218,3
547.116,29.3773,3
547.2684,28.0293,3
547.4208,28.4105,3
547.5732,27.7635,3
547.7256,28.2124,3
547.878,28.2865,3
548.0304,29.62,3
548.1828,29.8255,3
548.3352,28.9466,3
548.4876,29.5268,3
548.64,30.2649,3
548.7924,32.8357,3
548.9448,34.8589,3
549.0972,35.8187,3
549.2496,34.9432,3
549.402,34.3156,3
549.5544,34.0483,3
549.7068,33.9384,3
549.8592,32.1462,3
550.0116,32.2909,3
550.164,33.0701,3
550.3164,32.8163,3
550.4688,30.221,3
550.6212,27.7282,3
550.7736,27.7656,3
550.926,27.5892,3
551.0784,26.4715,3
551.2308,25.6034,3
551.3832,24.4576,3
551.5356,26.2049,3
551.688,26.8083,3
551.8404,29.1168,3
551.9928,28.7628,3
552.1452,29.57,3
552.2976,30.1531,3
552.45,31.3827,3
552.6024,30.7456,3
552.7548,30.8003,3
552.9072,30.2519,3
553.0596,31.3502,3
553.212,31.7318,3
553.3644,32.5998,3
553.5168,33.4329,3
553.6692,31.1417,3
553.8216,30.9263,3
553.974,28.6099,3
554.1264,28.3626,3
554.2788,27.3317,3
554.4312,27.729,3
554.5836,28.3304,3
554.736,29.7512,3
554.8884,29.9414,3
555.0408,31.3774,3
555.1932,31.2546,3
555.3456,30.9493,3
555.498,30.0454,3
555.6504,29.2155,3
555.8028,29.2394,3
555.9552,30.6042,3
556.1076,31.7524,3
556.26,31.0546,3
556.4124,29.1306,3
556.5648,26.6998,3
556.7172,27.9811,3
556.8696,28.6094,3
557.022,30.28,3
557.1744,28.9176,3
557.3268,27.6433,3
557.4792,27.2138,3
557.6316,27.3377,3
557.784,27.1347,3
557.9364,26.028,3
558.0888,24.5556,3
558.2412,24.7648,3
558.3936,26.5408,3
558.546,27.8774,3
558.6984,28.4293,3
558.8508,27.1534,3
559.0032,27.0704,3
559.1556,28.5946,3
559.308,28.7354,3
559.4604,29.5104,3
559.6128,29.9431,3
559.7652,31.6528,3
559.9176,31.2124,3
560.07,32.0866,3
560.2224,31.4123,3
560.3748,32.9729,3
560.5272,32.4169,3
560.6796,33.3736,3
560.832,34.0709,3
560.9844,34.0702,3
561.1368,32.6411,3
561.2892,33.4732,3
561.4416,33.3521,3
561.594,33.4387,3
561.7464,32.2576,3
561.8988,29.7093,3
562.0512,28.0213,3
562.2036,26.7127,3
562.356,29.644,3
562.5084,31.2182,3
562.6608,30.0673,3
562.8132,28.1259,3
562.9656,25.3795,3
563.118,25.8984,3
563.2704,26.009,3
563.4228,26.948,3
563.5752,27.4623,3
563.7276,26.0799,3
563.88,26.3417,3
564.0324,24.6121,3
564.1848,24.6348,3
564.3372,24.9706,3
564.4896,25.8538,3
564.642,26.6756,3
564.7944,27.567,3
564.9468,29.06,3
565.0992,29.9518,3
565.2516,29.8019,3
565.404,29.6191,3
565.5564,28.9882,3
565.7088,27.5655,3
565.8612,26.8148,3
566.0136,26.8349,3
566.166,27.8988,3
566.3184,28.8998,3
566.4708,28.4074,3
566.6232,28.0552,3
566.7756,27.6553,3
566.928,27.2665,3
567.0804,27.6447,3
567.2328,26.5073,3
567.3852,25.3433,3
567.5376,23.2188,3
567.69,23.2532,3
567.8424,23.7678,3
567.9948,25.552,3
568.1472,25.7111,3
568.2996,25.7221,3
568.452,26.6444,3
568.6044,27.6646,3
568.7568,28.6275,3
568.9092,26.9281,3
569.0616,26.8918,3
569.214,27.8605,3
569.3664,28.6247,3
569.5188,28.1681,3
569.6712,27.3218,3
569.8236,26.5544,3
569.976,26.9318,3
570.1284,27.1871,3
570.2808,28.7124,4
570.4332,27.5404,4
570.5856,26.0591,4
570.738,24.5104,4
570.8904,25.2126,4
571.0428,26.4579,4
571.1952,27.5336,4
571.3476,26.9562,4
571.5,28.1596,4
571.6524,30.2995,4
571.8048,29.4213,4
571.9572,28.3731,4
572.1096,26.4713,4
572.262,27.894,4
572.4144,28.6274,4
572.5668,30.7701,4
572.7192,34.3079,4
572.8716,36.1856,4
573.024,36.9475,4
573.1764,38.5544,4
573.3288,38.4628,4
573.4812,39.0568,4
573.6336,38.7766,4
573.786,38.8962,4
573.9384,38.0764,4
574.0908,34.481,4
574.2432,33.708,4
574.3956,32.3469,4
574.548,31.515,4
574.7004,31.2971,4
574.8528,31.1545,4
575.0052,31.7811,4
575.1576,33.4975,4
575.31,32.1215,4
575.4624,32.6057,4
575.6148,32.0395,4
575.7672,33.7803,4
575.9196,32.3459,4
576.072,30.0842,4
576.2244,29.318,4
576.3768,28.7294,4
576.5292,28.0288,4
576.6816,25.9252,4
576.834,25.7996,4
576.9864,27.2057,4
577.1388,29.5994,4
577.2912,33.09,4
577.4436,32.3327,4
577.596,32.5523,4
577.7484,29.3855,4
577.9008,29.1772,4
578.0532,28.2932,4
578.2056,29.0941,4
578.358,29.4289,4
578.5104,29.7048,4
578.6628,31.4807,4
578.8152,33.5297,4
578.9676,34.5658,4
579.12,33.8607,4
579.2724,33.7659,4
579.4248,33.6759,4
579.5772,34.6772,4
579.7296,32.1676,4
579.882,30.4034,4
580.0344,29.3442,4
580.1868,29.5932,4
580.3392,30.5474,4
580.4916,30.6166,4
580.644,31.6202,4
580.7964,31.4846,4
580.9488,29.2672,4
581.1012,28.2005,4
581.2536,28.588,4
581.406,28.7089,4
581.5584,28.75,4
581.7108,28.5229,4
581.8632,28.8887,4
582.0156,29.1998,4
582.168,28.457,4
582.3204,29.3226,4
582.4728,29.1461,4
582.6252,29.3989,4
582.7776,29.5901,4
582.93,30.116,4
583.0824,30.1893,4
583.2348,30.5987,4
583.3872,29.9835,4
583.5396,28.9347,4
583.692,28.105,4
583.8444,28.4069,4
583.9968,30.201,4
584.1492,30.4222,4
584.3016,30.3212,4
584.454,29.832,4
584.6064,29.3789,4
584.7588,29.8987,4
584.9112,29.836,4
585.0636,31.0888,4
585.216,30.1009,4
585.3684,30.0131,4
585.5208,29.221,4
585.6732,31.0999,4
585.8256,30.477,4
585.978,31.2018,4
586.1304,29.0906,4
586.2828,30.6679,4
586.4352,30.3363,4
586.5876,30.7449,4
586.74,29.9093,4
586.8924,28.6959,4
587.0448,28.9384,4
587.1972,30.0263,4
587.3496,33.0355,4
587.502,34.1499,4
587.6544,32.9069,4
587.8068,30.1619,4
587.9592,29.5091,4
588.1116,29.5583,4
588.264,29.4493,4
588.4164,29.3254,4
588.5688,30.0552,4
588.7212,31.0459,4
588.8736,30.0525,4
589.026,28.8596,4
589.1784,29.8435,4
589.3308,31.1054,4
589.4832,31.1612,4
589.6356,29.9526,4
589.788,30.9356,4
589.9404,29.3017,4
590.0928,28.9359,4
590.2452,26.2386,4
590.3976,26.9956,4
590.55,26.7389,4
590.7024,28.3984,4
590.8548,28.3406,4
591.0072,27.6915,4
591.1596,25.9018,4
591.312,26.5334,4
591.4644,26.5651,4
591.6168,27.3374,4
591.7692,26.8818,4
591.9216,28.3236,4
592.074,28.2419,4
592.2264,29.3698,4
592.3788,29.8997,4
592.5312,31.0622,4
592.6836,31.0023,4
592.836,28.3172,4
592.9884,26.5281,4
593.1408,26.3713,4
593.2932,27.2175,4
593.4456,29.639,4
593.598,28.8731,4
593.7504,30.6786,4
593.9028,32.8805,4
594.0552,37.4537,4
594.2076,37.9293,4
594.36,37.9109,4
594.5124,36.5212,4
594.6648,37.2272,4
594.8172,35.4943,4
594.9696,33.9152,4
595.122,33.8045,4
595.2744,31.7209,4
595.4268,31.1056,4
595.5792,29.3005,4
595.7316,29.8072,4
595.884,31.6953,4
596.0364,33.4646,4
596.1888,34.3909,4
596.3412,33.675,4
596.4936,32.4383,4
596.646,32.0349,4
596.7984,31.4008,4
596.9508,31.0218,4
597.1032,30.3075,4
597.2556,30.6695,4
597.408,30.3513,4
597.5604,30.6339,4
597.7128,29.7085,4
597.8652,29.2633,4
598.0176,29.5179,4
598.17,30.1496,4
598.3224,30.6163,4
598.4748,31.4298,4
598.6272,30.6012,4
598.7796,32.1111,4
598.932,32.1567,4
599.0844,34.7968,4
599.2368,35.4634,4
599.3892,34.6852,4
599.5416,32.2056,4
599.694,29.0372,4
599.8464,28.5958,4
599.9988,26.8602,4
600.1512,26.4817,4
600.3036,25.1868,4
600.456,25.9798,4
600.6084,25.2979,4
600.7608,26.6325,4
600.9132,26.0379,4
601.0656,25.4882,4
601.218,23.5397,4
601.3704,23.3868,4
601.5228,24.571,4
601.6752,25.6358,4
601.8276,27.1652,4
601.98,28.4883,4
602.1324,28.3065,4
602.2848,27.1428,4
602.4372,28.8743,4
602.5896,31.1847,4
602.742,32.2918,4
602.8944,32.0789,4
603.0468,29.7737,4
603.1992,29.9888,4
603.3516,29.213,4
603.504,28.968,4
603.6564,27.6746,4
603.8088,26.8875,4
603.9612,26.9861,4
604.1136,26.2428,4
604.266,26.6978,4
604.4184,24.902,4
604.5708,26.9441,4
604.7232,24.5141,4
604.8756,24.7957,4
605.028,22.9756,4
605.1804,23.3969,4
605.3328,23.6035,4
605.4852,23.388,4
605.6376,24.9592,4
605.79,27.6221,4
605.9424,32.2647,4
606.0948,34.0954,4
606.2472,35.7998,4
606.3996,33.439,4
606.552,33.9414,4
606.7044,35.1941,4
606.8568,37.6686,4
607.0092,38.077,4
607.1616,35.9626,4
607.314,33.9662,4
607.4664,31.0585,4
607.6188,30.3872,4
607.7712,30.4741,4
607.9236,29.2802,4
608.076,28.9347,4
608.2284,24.7709,4
608.3808,24.1894,4
608.5332,23.0906,4
608.6856,25.4404,4
608.838,28.8275,4
608.9904,30.7186,4
609.1428,32.1569,4
609.2952,32.9279,4
609.4476,35.5334,4
609.6,38.0424,4
609.7524,37.0331,4
609.9048,35.3798,4
610.0572,33.4693,4
610.2096,32.1175,4
610.362,31.9095,4
610.5144,33.8625,4
610.6668,34.0491,4
610.8192,33.1981,4
610.9716,30.2078,4
611.124,31.4762,4
611.2764,31.53,4
611.4288,31.1266,4
611.5812,29.4093,4
611.7336,28.6046,4
611.886,28.4112,4
612.0384,30.0788,4
612.1908,29.2199,4
612.3432,28.8636,4
612.4956,30.0074,4
612.648,34.007,4
612.8004,36.24,4
612.9528,34.9997,4
613.1052,32.7078,4
613.2576,31.8062,4
613.41,32.5914,4
613.5624,33.1417,4
613.7148,34.2401,4
613.8672,34.0307,4
614.0196,33.5232,4
614.172,30.5979,4
614.3244,27.1675,4
614.4768,22.9496,4
614.6292,22.4452,4
614.7816,22.882,4
614.934,25.7625,4
615.0864,28.2091,4
615.2388,30.9626,4
615.3912,31.0133,4
615.5436,29.3599,4
615.696,26.6827,4
615.8484,29.7297,4
616.0008,32.4287,4
616.1532,35.8196,4
616.3056,33.4575,4
616.458,32.9443,4
616.6104,33.7557,4
616.7628,36.7567,4
616.9152,37.4655,4
617.0676,35.7543,4
617.22,33.5259,4
617.3724,32.5566,4
617.5248,30.1167,4
617.6772,28.696,4
617.8296,27.305,4
617.982,29.0547,4
618.1344,29.1643,4
618.2868,30.9467,4
618.4392,31.2196,4
618.5916,31.2981,4
618.744,29.532,4
618.8964,28.0149,4
619.0488,27.9861,4
619.2012,30.6804,4
619.3536,31.7641,4
619.506,32.7426,4
619.6584,29.9241,4
619.8108,27.1744,4
619.9632,24.3012,4
620.1156,22.9033,4
620.268,23.9578,4
620.4204,24.6029,4
620.5728,25.1898,4
620.7252,23.6505,4
620.8776,24.7953,4
621.03,25.599,4
621.1824,27.8303,4
621.3348,27.4821,4
621.4872,27.4473,4
621.6396,27.4366,4
621.792,28.1474,4
621.9444,29.7817,4
622.0968,32.3302,4
622.2492,35.1585,4
622.4016,35.8211,4
622.554,33.139,4
622.7064,32.5472,4
622.8588,29.1881,4
623.0112,27.532,4
623.1636,23.4832,4
623.316,23.2118,4
623.4684,23.9864,4
623.6208,23.1358,4
623.7732,22.1126,4
623.9256,22.637,4
624.078,23.1459,4
624.2304,26.4113,4
624.3828,25.7255,4
624.5352,27.4345,4
624.6876,26.5699,4
624.84,27.7666,4
624.9924,26.7148,4
625.1448,27.5491,4
625.2972,29.3405,4
625.4496,29.02,4
625.602,27.3068,4
625.7544,26.5737,4
625.9068,27.7711,4
626.0592,30.3067,4
626.2116,31.1501,4
626.364,31.1137,4
626.5164,30.2749,4
626.6688,29.7948,4
626.8212,32.8843,4
626.9736,33.221,4
627.126,34.2884,4
627.2784,33.0585,4
627.4308,34.5733,4
627.5832,31.3939,4
627.7356,31.9283,4
627.888,28.9824,4
628.0404,29.7728,4
628.1928,28.5547,4
628.3452,29.0955,4
628.4976,29.9178,4
628.65,28.4696,4
628.8024,28.6693,4
628.9548,27.0037,4
629.1072,26.995,4
629.2596,25.925,4
629.412,26.2854,4
629.5644,26.5206,4
629.7168,25.646,4
629.8692,24.5702,4
630.0216,23.529,4
630.174,24.2086,4
630.3264,25.9188,4
630.4788,26.5459,4
630.6312,25.772,4
630.7836,26.9593,4
630.936,27.1983,4
631.0884,28.614,4
631.2408,26.8698,4
631.3932,24.9047,4
631.5456,24.1124,4
631.698,23.4387,4
631.8504,25.061,4
632.0028,23.4763,4
632.1552,23.6257,4
632.3076,23.44,4
632.46,24.3856,4
632.6124,23.4701,4
632.7648,23.0115,4
632.9172,24,4
633.0696,25.0563,4
633.222,24.3402,4
633.3744,23.0435,4
633.5268,21.7753,4
633.6792,21.2554,4
633.8316,21.3801,4
633.984,21.2669,4
634.1364,22.566,4
634.2888,21.6632,4
634.4412,21.4889,4
634.5936,19.2533,4
634.746,19.7701,4
634.8984,20.2575,4
635.0508,22.2433,4
635.2032,21.7843,4
635.3556,23.3994,4
635.508,23.0212,4
635.6604,25.896,4
635.8128,27.3715,4
635.9652,29.7147,4
636.1176,31.9683,4
636.27,31.745,4
636.4224,32.3729,4
636.5748,30.9527,4
636.7272,30.8797,4
636.8796,30.2093,4
637.032,30.8864,4
637.1844,29.2347,4
637.3368,29.2755,4
637.4892,28.5403,4
637.6416,30.2435,4
637.794,29.4128,4
637.9464,28.4078,4
638.0988,27.3872,4
638.2512,27.2593,4
638.4036,26.8742,4
638.556,27.3796,4
638.7084,27.4138,4
638.8608,27.6555,4
639.0132,25.6375,4
639.1656,24.9364,4
639.318,24.0532,4
639.4704,22.5162,4
639.6228,22.0385,4
639.7752,21.2744,4
639.9276,23.3365,4
640.08,23.7232,4
640.2324,25.1697,4
640.3848,25.5717,4
640.5372,25.1641,4
640.6896,24.104,4
640.842,22.9066,4
640.9944,22.932,4
641.1468,23.1735,4
641.2992,23.6893,4
641.4516,22.9075,4
641.604,22.3215,4
641.7564,22.8188,4
641.9088,24.193,4
642.0612,26.2221,4
642.2136,24.6993,4
642.366,24.5657,4
642.5184,23.469,4
642.6708,24.1644,4
642.8232,23.2003,4
642.9756,21.1695,4
643.128,21.6636,4
643.2804,21.581,4
643.4328,22.4784,4
643.5852,22.1011,4
643.7376,22.3037,4
643.89,21.5407,4
644.0424,21.2171,4
644.1948,22.3589,4
644.3472,23.6734,4
644.4996,24.2037,4
644.652,24.2288,4
644.8044,22.8313,4
644.9568,21.5367,4
645.1092,20.3376,4
645.2616,22.3744,4
645.414,23.0369,4
645.5664,23.4018,4
645.7188,22.6129,4
645.8712,22.7799,4
646.0236,21.9465,4
646.176,21.2231,4
646.3284,20.7237,4
646.4808,21.7039,4
646.6332,22.6576,4
646.7856,23.7312,4
646.938,23.7523,4
647.0904,23.1861,4
647.2428,23.3791,4
647.3952,24.0473,4
647.5476,24.5422,4
647.7,24.2513,4
647.8524,22.354,4
648.0048,21.521,4
648.1572,20.9919,4
648.3096,21.2516,4
648.462,21.7353,4
648.6144,22.812,4
648.7668,23.0621,4
648.9192,23.0921,4
649.0716,23.0917,4
649.224,25.1431,4
649.3764,25.7529,4
649.5288,23.7112,4
649.6812,22.8467,4
649.8336,21.4189,4
649.986,22.8102,4
650.1384,22.2799,4
650.2908,23.2103,4
650.4432,25.1682,4
650.5956,25.3253,4
650.748,26.0682,4
650.9004,24.8904,4
651.0528,26.3024,4
651.2052,26.2766,4
651.3576,25.6848,4
651.51,25.1626,4
651.6624,26.9353,4
651.8148,28.02,4
651.9672,27.9692,4
652.1196,26.8438,4
652.272,26.4726,4
652.4244,27.4391,4
652.5768,27.3604,4
652.7292,27.677,4
652.8816,26.6678,4
653.034,25.9536,4
653.1864,25.9458,4
653.3388,25.901,4
653.4912,25.9774,4
653.6436,25.3321,4
653.796,25.0147,4
653.9484,24.8668,4
654.1008,24.4137,4
654.2532,23.5664,4
654.4056,22.4449,4
654.558,22.1651,4
654.7104,23.1887,4
654.8628,23.2889,4
655.0152,22.7637,4
655.1676,21.9937,4
655.32,22.4767,4
655.4724,22.6772,4
655.6248,22.3799,4
655.7772,22.6791,4
655.9296,23.1048,4
656.082,24.8033,4
656.2344,25.522,4
656.3868,25.2044,4
656.5392,23.6242,4
656.6916,24.174,4
656.844,23.9312,4
656.9964,23.579,4
657.1488,20.2731,4
657.3012,20.6216,4
657.4536,19.7567,4
657.606,22.1301,4
657.7584,21.8109,4
657.9108,23.1284,4
658.0632,22.231,4
658.2156,22.3139,4
658.368,22.0032,4
658.5204,23.126,4
658.6728,23.3242,4
658.8252,23.7848,4
658.9776,24.1979,4
659.13,25.3087,4
659.2824,25.6483,4
659.4348,24.5569,4
659.5872,24.5582,4
659.7396,24.7053,4
659.892,25.9809,4
660.0444,25.789,4
660.1968,24.3725,4
660.3492,23.8864,4
660.5016,23.9597,4
660.654,24.4407,4
660.8064,23.3,4
660.9588,21.8207,4
661.1112,23.8122,4
661.2636,24.3233,4
661.416,25.1324,4
661.5684,23.6791,4
661.7208,23.2125,4
661.8732,22.8192,4
662.0256,22.471,4
662.178,21.674,4
662.3304,23.3297,4
662.4828,25.1309,4
662.6352,27.6552,4
662.7876,27.2936,4
662.94,26.3847,4
663.0924,24.9718,4
663.2448,23.792,4
663.3972,23.8818,4
663.5496,23.7834,4
663.702,25.1555,4
663.8544,24.7814,4
664.0068,24.8068,4
664.1592,24.5035,4
664.3116,23.5035,4
664.464,24.0731,4
664.6164,23.1779,4
664.7688,23.7526,4
664.9212,23.4614,4
665.0736,23.3988,4
665.226,22.4358,4
665.3784,22.2338,4
665.5308,22.6109,4
665.6832,23.2613,4
665.8356,23.1026,4
665.988,22.5821,4
666.1404,24.178,4
666.2928,23.5936,4
666.4452,23.8087,4
666.5976,23.3186,4
666.75,25.2035,4
666.9024,25.1028,4
667.0548,25.0958,4
667.2072,24.9216,4
667.3596,25.1714,4
667.512,23.3873,4
667.6644,23.8087,4
667.8168,23.9999,4
667.9692,24.751,4
668.1216,22.8013,4
668.274,22.8629,4
668.4264,23.4637,4
668.5788,24.2236,4
668.7312,24.6402,4
668.8836,26.2072,4
669.036,27.6201,4
669.1884,27.7619,4
669.3408,26.1939,4
669.4932,24.1711,4
669.6456,23.121,4
669.798,23.2393,4
669.9504,23.5476,4
670.1028,23.347,4
670.2552,21.6694,4
670.4076,21.3433,4
670.56,20.1605,4
670.7124,20.543,4
670.8648,21.3236,4
671.0172,22.5325,4
671.1696,23.8117,4
671.322,23.7278,4
671.4744,24.2046,4
671.6268,24.2662,4
671.7792,23.6349,4
671.9316,23.9656,4
672.084,23.2308,4
672.2364,22.6491,4
672.3888,22.103,4
672.5412,23.7616,4
672.6936,23.8267,4
672.846,23.4088,4
672.9984,22.212,4
673.1508,23.2929,4
673.3032,24.2762,4
673.4556,23.4679,4
673.608,22.8922,4
673.7604,20.8442,4
673.9128,22.1418,4
674.0652,21.765,4
674.2176,22.4403,4
674.37,19.5611,4
674.5224,19.3265,4
674.6748,19.5521,4
674.8272,20.1459,4
674.9796,20.3291,4
675.132,19.429,4
675.2844,19.412,4
675.4368,20.2607,4
675.5892,20.8304,4
675.7416,22.0644,4
675.894,20.6024,4
676.0464,21.1806,4
676.1988,20.2051,4
676.3512,20.7057,4
676.5036,19.0768,4
676.656,18.5721,4
676.8084,18.0826,4
676.9608,18.6798,4
677.1132,19.4889,4
677.2656,20.099,4
677.418,20.0062,4
677.5704,20.4547,4
677.7228,19.6787,4
677.8752,19.3033,4
678.0276,18.5315,4
678.18,19.1384,4
678.3324,19.3997,4
678.4848,20.1949,4
678.6372,20.3133,4
678.7896,22.0197,4
678.942,20.4987,4
679.0944,21.4064,4
679.2468,20.5032,4
679.3992,22.7132,4
679.5516,22.3428,4
679.704,23.8087,4
679.8564,23.5858,4
680.0088,23.5147,4
680.1612,22.1095,4
680.3136,23.4629,4
680.466,24.5858,4
680.6184,24.719,4
680.7708,22.7644,4
680.9232,21.7133,4
681.0756,22.3482,4
681.228,21.7136,4
681.3804,20.708,4
681.5328,19.2446,4
681.6852,19.5803,4
681.8376,20.8318,4
681.99,23.3819,4
682.1424,25.0712,4
682.2948,24.3083,4
682.4472,22.9923,4
682.5996,21.7865,4
682.752,20.3995,4
682.9044,18.3013,4
683.0568,17.6348,4
683.2092,19.3501,4
683.3616,20.4714,4
683.514,19.7879,4
683.6664,19.7053,4
683.8188,18.7696,4
683.9712,20.1427,4
684.1236,19.4961,4
684.276,20.1701,4
684.4284,19.5305,4
684.5808,19.8749,4
684.7332,19.1922,4
684.8856,19.393,4
685.038,19.549,4
685.1904,20.0211,4
685.3428,20.8299,4
685.4952,20.6172,4
685.6476,21.0122,4
685.8,20.3782,4
685.9524,20.3576,4
686.1048,19.9031,4
686.2572,18.4061,4
686.4096,17.0918,4
686.562,17.1828,4
686.7144,18.4182,4
686.8668,19.1518,4
687.0192,19.204,4
687.1716,18.1523,4
687.324,17.3887,4
687.4764,16.638,4
687.6288,16.7544,4
687.7812,18.0693,4
687.9336,18.6481,4
688.086,20.1879,4
688.2384,19.8332,4
688.3908,20.2936,4
688.5432,20.1402,4
688.6956,20.1101,4
688.848,20.521,4
689.0004,19.4885,4
689.1528,20.2736,4
689.3052,19.5825,4
689.4576,19.3147,4
689.61,17.8308,4
689.7624,17.9888,4
689.9148,17.3506,4
690.0672,18.3045,4
690.2196,18.5631,4
690.372,20.14,4
690.5244,19.7428,4
690.6768,19.1849,4
690.8292,17.9658,4
690.9816,18.139,4
691.134,18.2633,4
691.2864,19.3192,4
691.4388,19.3947,4
691.5912,19.283,4
691.7436,19.3136,4
691.896,19.9217,4
692.0484,20.9113,4
692.2008,21.2542,4
692.3532,21.2345,4
692.5056,19.5277,4
692.658,18.4734,4
692.8104,18.1945,4
692.9628,19.5192,4
693.1152,20.5863,4
693.2676,19.5305,4
693.42,19.3001,4
693.5724,19.3271,4
693.7248,21.7195,4
693.8772,23.8624,4
694.0296,24.2566,4
694.182,23.7551,4
694.3344,22.3543,4
694.4868,25.0798,4
694.6392,25.7234,4
694.7916,26.3331,4
694.944,24.0406,4
695.0964,24.2982,4
695.2488,24.2998,4
695.4012,25.2444,4
695.5536,23.4092,4
695.706,21.6861,4
695.8584,19.791,4
696.0108,19.5328,4
696.1632,20.1963,4
696.3156,19.5753,4
696.468,20.2807,4
696.6204,19.186,4
696.7728,19.2683,4
696.9252,18.4367,4
697.0776,18.4562,4
697.23,18.3033,4
697.3824,17.2186,4
697.5348,16.2331,4
697.6872,16.2332,4
697.8396,16.0861,4
697.992,17.2377,4
698.1444,16.6651,4
698.2968,16.8085,4
698.4492,15.2495,4
698.6016,14.333,4
698.754,14.6569,4
698.9064,15.8327,4
699.0588,16.5009,4
699.2112,15.8248,4
699.3636,16.0976,4
699.516,16.0265,4
699.6684,17.0911,4
699.8208,17.1644,4
699.9732,16.8384,4
700.1256,16.5387,4
700.278,16.4828,4
700.4304,17.3853,4
700.5828,17.4812,4
700.7352,18.4159,4
700.8876,18.806,4
701.04,18.8278,4
701.1924,18.6345,4
701.3448,18.6698,4
701.4972,19.948,4
701.6496,19.3461,4
701.802,19.4025,4
701.9544,19.3974,4
702.1068,20.5884,4
702.2592,19.9108,4
702.4116,19.7747,4
702.564,17.3986,4
702.7164,17.3327,4
702.8688,15.4107,4
703.0212,17.0277,4
703.1736,17.9507,4
703.326,20.3278,4
703.4784,19.4727,4
703.6308,20.6112,4
703.7832,20.0982,4
703.9356,21.4787,4
704.088,20.3055,4
704.2404,20.5374,4
704.3928,20.9459,4
704.5452,21.3278,4
704.6976,22.1474,4
704.85,21.9875,4
705.0024,21.4099,4
705.1548,21.1224,4
705.3072,21.6415,4
705.4596,23.1968,4
705.612,22.916,4
705.7644,22.3232,4
705.9168,20.222,4
706.0692,21.0048,4
706.2216,20.9304,4
706.374,20.6475,4
706.5264,19.73,4
706.6788,18.8927,4
706.8312,20.253,4
706.9836,19.0009,4
707.136,19.9364,4
707.2884,20.0132,4
707.4408,20.8413,4
707.5932,20.0629,4
707.7456,20.0345,4
707.898,20.1532,4
708.0504,21.1479,4
708.2028,20.8541,4
708.3552,20.7448,4
708.5076,19.5674,4
708.66,19.722,4
708.8124,20.3093,4
708.9648,20.7165,4
709.1172,20.2222,4
709.2696,19.031,4
709.422,18.7091,4
709.5744,19.2223,4
709.7268,19.8773,4
709.8792,19.7945,4
710.0316,19.1185,4
710.184,18.4828,4
710.3364,19.8423,4
710.4888,20.1889,4
710.6412,20.5554,4
710.7936,18.8277,4
710.946,19.764,4
711.0984,19.4761,4
711.2508,18.6332,4
711.4032,17.6461,4
711.5556,17.965,4
711.708,20.2018,4
711.8604,20.2613,4
712.0128,20.1273,4
712.1652,19.0036,4
712.3176,17.919,4
712.47,16.5166,4
712.6224,15.8949,4
712.7748,15.6284,4
712.9272,16.3961,4
713.0796,15.8856,4
713.232,15.9421,4
713.3844,16.3903,4
713.5368,16.695,4
713.6892,17.1363,4
713.8416,17.0755,4
713.994,17.6351,4
714.1464,18.5972,4
714.2988,18.7608,4
714.4512,19.0399,4
714.6036,18.3808,4
714.756,18.4825,4
714.9084,20.0436,4
715.0608,20.0802,4
715.2132,20.1893,4
715.3656,19.5517,4
715.518,21.1155,4
715.6704,21.8745,4
715.8228,21.1035,4
715.9752,19.7993,4
716.1276,19.0705,4
716.28,19.6882,4
716.4324,20.8538,4
716.5848,19.9598,4
716.7372,19.4348,4
716.8896,18.3835,4
717.042,19.0635,4
717.1944,20.2031,4
717.3468,20.9719,4
717.4992,20.7436,4
717.6516,20.0108,4
717.804,18.3835,4
717.9564,18.2616,4
718.1088,17.8717,4
718.2612,20.4283,4
718.4136,20.7768,4
718.566,21.5178,4
718.7184,21.2764,4
718.8708,22.9228,4
719.0232,23.8486,4
719.1756,23.2711,4
719.328,22.2675,4
719.4804,20.4552,4
719.6328,20.9605,4
719.7852,20.6899,4
719.9376,21.5725,4
720.09,20.9042,4
720.2424,22.7176,4
720.3948,27.3352,4
720.5472,33.8012,4
720.6996,38.5206,4
720.852,43.9386,4
721.0044,43.3579,4
721.1568,43.2092,4
721.3092,38.6061,4
721.4616,41.1699,4
721.614,41.4348,4
721.7664,42.9389,4
721.9188,40.3865,4
722.0712,37.2757,4
722.2236,35.8746,4
722.376,33.9464,4
722.5284,34.2048,4
722.6808,33.2229,4
722.8332,34.6226,4
722.9856,32.4697,4
723.138,30.9611,4
723.2904,29.3301,4
723.4428,30.412,4
723.5952,28.8441,4
723.7476,26.2891,4
723.9,24.9751,4
724.0524,23.3744,4
724.2048,22.4798,4
724.3572,20.9094,4
724.5096,21.2899,4
724.662,20.2346,4
724.8144,21.5181,4
724.9668,21.0724,4
725.1192,21.6483,4
725.2716,19.9786,4
725.424,18.9933,4
725.5764,18.9686,4
725.7288,20.4133,4
725.8812,21.1831,4
726.0336,20.189,4
726.186,18.2418,4
726.3384,18.1535,4
726.4908,18.8409,4
726.6432,19.9873,4
726.7956,21.6585,4
726.948,22.5591,4
727.1004,24.3525,4
727.2528,22.9713,4
727.4052,22.7729,4
727.5576,21.6231,4
727.71,22.7744,4
727.8624,23.6834,4
728.0148,24.93,4
728.1672,24.7436,4
728.3196,23.6278,4
728.472,21.0173,4
728.6244,20.725,4
728.7768,21.1989,4
728.9292,21.7621,4
729.0816,21.295,4
729.234,20.9297,4
729.3864,20.4614,4
729.5388,19.3158,4
729.6912,18.0011,4
729.8436,17.342,4
729.996,16.1652,4
730.1484,16.1549,4
730.3008,16.9874,4
730.4532,17.045,4
730.6056,16.6493,4
730.758,15.7783,4
730.9104,16.8547,4
731.0628,16.5994,4
731.2152,16.2582,4
731.3676,15.3121,4
731.52,16.3787,4
731.6724,19.0034,4
731.8248,20.6002,4
731.9772,20.5163,4
732.1296,19.0377,4
732.282,19.7551,4
732.4344,19.6072,4
732.5868,19.1784,4
732.7392,18.7192,4
732.8916,18.2335,4
733.044,19.283,4
733.1964,17.9911,4
733.3488,17.7534,4
733.5012,17.186,4
733.6536,17.5972,4
733.806,18.0291,4
733.9584,16.9932,4
734.1108,16.8171,4
734.2632,16.6945,4
734.4156,17.3942,4
734.568,17.5887,4
734.7204,17.3576,4
734.8728,16.4615,4
735.0252,15.8147,4
735.1776,15.7452,4
735.33,16.6129,4
735.4824,17.6995,4
735.6348,18.2044,4
735.7872,17.6836,4
735.9396,17.6789,4
736.092,17.7761,4
736.2444,18.4355,4
736.3968,17.5344,4
736.5492,17.8196,4
736.7016,17.7368,4
736.854,19.3967,4
737.0064,19.1474,4
737.1588,20.4494,4
737.3112,19.8849,4
737.4636,21.6808,4
737.616,20.479,4
737.7684,20.3389,4
737.9208,19.6812,4
738.0732,20.1594,4
738.2256,20.4256,4
738.378,21.3731,4
738.5304,22.395,4
738.6828,22.7975,4
738.8352,22.656,4
738.9876,22.1665,4
739.14,22.8076,4
739.2924,22.4771,4
739.4448,22.3783,4
739.5972,21.6362,4
739.7496,21.497,4
739.902,22.2692,4
740.0544,23.0558,4
740.2068,22.6763,4
740.3592,21.544,4
740.5116,19.1831,4
740.664,18.0832,4
740.8164,17.3544,4
740.9688,18.8722,4
741.1212,19.3629,4
741.2736,19.5994,4
741.426,18.3915,4
741.5784,16.6594,4
741.7308,15.501,4
741.8832,14.3812,4
742.0356,14.0794,4
742.188,14.1328,4
742.3404,14.7644,4
742.4928,15.3831,4
742.6452,15.5739,4
742.7976,14.9171,4
742.95,15.5301,4
743.1024,16.1083,4
743.2548,18.1618,4
743.4072,18.4063,4
743.5596,18.8759,4
743.712,18.44,4
743.8644,19.5027,4
744.0168,19.8809,4
744.1692,18.9614,4
744.3216,17.8956,4
744.474,17.6896,4
744.6264,18.9661,4
744.7788,19.94,4
744.9312,20.2547,4
745.0836,19.9916,4
745.236,18.0623,4
745.3884,15.9925,4
745.5408,16.3973,4
745.6932,16.1239,4
745.8456,15.8847,4
745.998,14.7321,4
746.1504,16.4282,4
746.3028,17.042,4
746.4552,17.6095,4
746.6076,16.4625,4
746.76,18.32,4
746.9124,21.0092,4
747.0648,23.6161,4
